Date;Benceno (µg/m3);M-P-XILENO (µg/m3);NO (µg/m3);NO2 (µg/m3);NOX (µg/m3);O3 (µg/m3);O3 8h (µg/m3);PM10 (µg/m3);SH2 (µg/m3);SO2 (µg/m3);Tolueno (µg/m3)
31/12/2017;1,33;0,65;2;4;7;75;73;13;4;8;1,44
30/12/2017;1,45;0,69;2;6;9;55;52;10;4;4;1,61
29/12/2017;1,64;0,4;9;16;30;54;58;14;4;3;1,22
28/12/2017;1,31;0,33;19;19;47;60;58;17;4;4;1,05
27/12/2017;0,48;0,03;2;5;8;75;75;17;5;4;0,25
26/12/2017;1,51;0,8;3;7;11;64;64;9;5;4;2,14
25/12/2017;1,83;0,76;3;7;11;60;51;12;4;4;1,9
24/12/2017;3,33;1,21;14;24;46;21;21;14;3;7;2,48
23/12/2017;5,91;2,15;3;26;31;34;37;11;2;4;4
22/12/2017;1,23;1,24;5;20;28;26;24;25;2;4;1,37
21/12/2017;;;4;20;27;;;24;3;;
20/12/2017;;;5;19;26;35;34;24;3;5;
19/12/2017;0,99;0,31;4;19;25;39;44;21;3;2;1,02
18/12/2017;0,88;0,3;5;10;18;46;43;12;3;3;0,74
17/12/2017;1,09;0,69;3;7;11;50;51;11;3;2;1,49
16/12/2017;0,87;0,7;2;7;9;66;68;20;3;2;0,48
15/12/2017;0,45;0;1;4;6;78;79;14;4;3;0,18
14/12/2017;0,65;0,23;2;7;11;70;66;8;5;2;0,58
13/12/2017;2,41;1,89;4;10;17;48;45;4;5;3;4,36
12/12/2017;1,37;0,74;16;17;41;46;54;7;5;2;1,55
11/12/2017;0,5;0,02;2;5;7;74;73;8;7;2;0,25
10/12/2017;1,47;0,92;10;14;28;58;53;10;7;4;1,89
09/12/2017;1,17;0,45;7;10;21;49;53;10;5;2;1,17
08/12/2017;0,96;0,23;2;9;12;60;57;14;4;3;0,69
07/12/2017;1,42;1,33;3;12;16;51;51;14;4;6;2,66
06/12/2017;1,28;0,78;3;13;18;36;32;13;4;6;1,52
05/12/2017;1,72;1,56;4;19;26;28;29;15;4;7;2,48
04/12/2017;1,02;0,55;6;15;24;36;39;13;3;3;1,14
03/12/2017;1,53;0,62;2;9;13;36;37;13;4;3;1,43
02/12/2017;2,06;0,44;2;11;14;60;63;17;4;5;1,23
01/12/2017;1,27;0,39;3;10;14;74;74;14;4;4;0,96
30/11/2017;0,93;0,4;2;8;12;63;60;9;4;3;0,86
29/11/2017;1,24;0,45;2;8;11;61;61;9;5;3;1,01
28/11/2017;0,99;0,46;3;13;17;;;10;5;;1,08
27/11/2017;4,53;1,91;16;31;55;16;17;20;4;9;4,31
26/11/2017;1,07;0,32;1;9;12;40;44;9;3;3;0,87
25/11/2017;0,67;0,09;1;7;9;62;64;15;3;2;0,44
24/11/2017;0,77;0,57;1;13;15;64;66;18;4;3;1,1
23/11/2017;1,39;1,38;2;10;14;66;64;26;6;3;2,83
22/11/2017;1,85;2,03;2;16;20;66;67;27;6;5;3,32
21/11/2017;1,37;1,04;4;21;27;42;36;17;4;4;2,13
20/11/2017;1,49;1,41;11;29;47;22;22;22;4;8;1,93
19/11/2017;1,74;0,81;3;17;21;33;33;19;3;6;1,85
18/11/2017;1,52;0,89;4;18;24;30;30;21;3;3;1,36
17/11/2017;2,03;1,06;5;23;31;24;21;26;4;5;2,23
16/11/2017;1,51;1,06;6;26;35;20;20;25;4;5;1,79
15/11/2017;1,96;1,28;7;28;38;22;26;22;5;;2,28
14/11/2017;2,44;1,24;3;15;19;47;53;18;4;;2,29
13/11/2017;0,46;0,01;1;9;11;76;77;21;2;2;0,26
12/11/2017;0,37;0;1;5;7;73;72;8;2;2;0,16
11/11/2017;0,4;0;1;6;7;75;76;9;2;2;0,14
10/11/2017;0,93;0,18;1;8;10;69;67;11;1;2;0,77
09/11/2017;0,49;0,09;1;9;11;72;72;15;2;2;0,31
08/11/2017;2,31;0,19;1;9;11;72;74;13;2;2;0,92
07/11/2017;2,27;1,17;8;18;30;49;46;18;2;5;2,21
06/11/2017;0,84;0,9;2;11;14;70;74;26;2;3;0,85
05/11/2017;0,44;0;1;5;6;80;80;15;2;2;0,21
04/11/2017;0,55;0,23;1;10;12;56;51;12;3;3;0,59
03/11/2017;1,66;0,99;2;15;18;53;55;16;3;3;2,44
02/11/2017;2,47;1,66;3;12;16;63;63;23;3;3;3,59
01/11/2017;2,99;2;2;11;14;64;59;22;3;3;4,22
31/10/2017;2,46;1,87;7;26;37;29;30;22;3;6;3,07
30/10/2017;0,45;0,09;1;11;13;59;62;14;1;3;0,37
29/10/2017;0,71;0,21;2;10;12;50;47;15;2;3;0,72
28/10/2017;0,87;0,37;1;13;15;62;67;18;1;3;0,86
27/10/2017;0,66;0,49;4;16;22;50;45;26;1;4;0,96
26/10/2017;2,95;1,19;4;19;25;55;51;34;1;5;2,91
25/10/2017;;;;;;;;36;;;
24/10/2017;2,17;2,21;16;38;62;26;27;29;3;11;3,58
23/10/2017;0,96;0,53;4;17;24;45;47;14;5;6;1,53
22/10/2017;0,43;0,07;1;7;8;65;68;14;4;5;0,49
21/10/2017;0,39;0,09;1;6;7;72;71;22;4;5;0,27
20/10/2017;1,04;0,72;3;15;20;52;52;15;5;6;1,49
19/10/2017;1,09;0,68;4;14;20;51;50;10;6;7;1,37
18/10/2017;0,98;1,03;2;16;19;48;46;20;5;5;1,27
17/10/2017;2,99;3,19;2;19;22;56;60;42;6;9;4,5
16/10/2017;1,36;0,96;2;13;16;69;71;40;5;5;1,88
15/10/2017;1,89;1,73;2;10;12;70;70;36;5;5;3,21
14/10/2017;3,35;2,2;2;19;22;60;53;55;4;7;4
13/10/2017;1,52;0,59;7;32;42;36;37;57;4;8;1,46
12/10/2017;2;1,06;4;18;24;43;45;32;4;10;1,93
11/10/2017;0,9;0,7;2;16;20;57;55;29;4;5;2,82
10/10/2017;0,74;0,64;3;16;21;38;38;19;4;7;1,28
09/10/2017;1,12;0,95;3;15;19;45;47;17;4;6;1,39
08/10/2017;1,39;0,66;2;13;16;48;45;18;4;6;1,73
07/10/2017;1,19;0,95;2;13;17;43;45;18;3;6;1,39
06/10/2017;0,43;0,13;1;11;13;59;63;15;2;3;0,4
05/10/2017;0,52;0,16;2;17;21;50;46;21;3;5;0,93
04/10/2017;4;2,29;12;18;37;27;22;25;4;26;4,33
03/10/2017;1,18;0,62;4;18;25;17;19;16;3;5;1,36
02/10/2017;0,77;0,54;2;21;24;32;36;17;2;4;1,25
01/10/2017;0,66;0,33;1;9;10;43;42;16;2;4;0,69
30/09/2017;0,5;0,17;1;11;13;58;58;12;2;5;0,61
29/09/2017;0,92;0,77;5;19;27;46;48;31;3;9;1,64
28/09/2017;1,7;1,31;3;21;26;59;59;29;3;7;2,46
27/09/2017;;;2;19;22;46;;21;;7;
26/09/2017;0,81;0,81;3;15;20;39;43;19;2;7;1,69
25/09/2017;0,55;0,1;2;10;12;55;58;17;;4;0,51
24/09/2017;0,89;0,28;2;13;16;64;60;27;;8;0,8
23/09/2017;2,63;2,15;2;16;18;60;57;26;;7;3,58
22/09/2017;0,71;0,27;1;12;15;55;57;18;;5;0,79
21/09/2017;0,87;0,65;2;15;18;51;48;22;6;6;1,67
20/09/2017;4,56;2,74;10;26;41;37;39;23;6;13;5,3
19/09/2017;0,82;0,8;2;10;13;51;51;10;5;4;1,34
18/09/2017;0,87;0,39;2;16;19;42;47;10;5;4;1,15
17/09/2017;0,6;0,51;1;6;8;61;60;11;5;4;0,83
16/09/2017;0,94;0,61;1;6;8;64;64;7;5;5;1,36
15/09/2017;0,55;0,26;1;7;9;51;49;11;5;4;0,94
14/09/2017;0,39;0,1;1;7;9;59;59;22;5;3;0,47
13/09/2017;0,66;0,88;2;11;14;38;37;19;5;4;1,62
12/09/2017;0,66;0,53;1;8;10;56;62;14;5;3;0,93
11/09/2017;0,42;0,01;1;6;7;61;58;19;5;3;0,26
10/09/2017;0,71;0,54;1;6;7;66;69;16;5;4;1,66
09/09/2017;0,4;0,01;1;5;6;66;67;13;5;3;0,19
08/09/2017;0,81;1,41;2;10;13;58;54;23;5;5;2,91
07/09/2017;0,91;0,59;2;10;12;49;50;19;4;3;1,38
06/09/2017;0,55;0,11;1;10;12;56;56;15;3;3;0,55
05/09/2017;1,55;1,35;4;14;21;41;39;17;4;7;2,45
04/09/2017;0,76;0,46;2;11;14;36;38;11;4;3;1,01
03/09/2017;0,94;0,51;2;12;15;50;50;13;4;5;0,96
02/09/2017;0,89;0,48;1;9;11;58;62;14;4;3;0,77
01/09/2017;0,56;0,46;1;7;9;64;62;13;3;2;0,64
31/08/2017;0,63;0,78;1;9;11;59;60;12;3;2;0,86
30/08/2017;1,68;1,19;3;11;15;53;52;19;4;3;1,42
29/08/2017;2,71;1,95;2;13;16;53;;19;5;3;2,96
28/08/2017;2,91;1,79;3;13;18;55;53;21;6;3;4,24
27/08/2017;3,84;2,41;2;14;17;43;38;22;6;4;3,93
26/08/2017;6,62;3,33;2;16;19;46;49;17;8;3;5,29
25/08/2017;0,81;0,39;3;15;19;46;46;22;5;2;0,83
24/08/2017;0,69;0,27;2;12;15;53;54;20;5;;0,8
23/08/2017;1,63;1,18;2;12;15;48;47;27;5;;1,94
22/08/2017;1,13;0,97;2;14;16;71;74;32;5;;1,33
21/08/2017;3,94;3,14;5;28;36;59;53;31;5;7;5,01
20/08/2017;1,75;1,23;2;11;14;46;47;16;4;;2,01
19/08/2017;1,62;0,98;1;10;12;54;57;16;3;;1,78
18/08/2017;0,79;0,38;3;13;17;49;48;12;4;;0,97
17/08/2017;0,68;0,44;2;14;18;53;51;14;4;;0,9
16/08/2017;0,93;0,23;2;11;14;38;39;11;3;;0,76
15/08/2017;0,48;0,08;1;10;11;50;54;13;3;;0,43
14/08/2017;3,62;2,83;5;18;25;56;52;26;6;;4,51
13/08/2017;0,43;0,7;2;11;13;44;45;15;5;4;1,01
12/08/2017;1,57;1,56;4;11;18;49;51;18;5;6;2,76
11/08/2017;0,3;0,43;1;8;10;58;62;18;4;2;0,71
10/08/2017;0,3;0,05;1;6;8;70;70;19;4;2;0,28
09/08/2017;0,24;0,1;1;6;7;72;71;11;5;2;0,34
08/08/2017;0,17;0,02;1;7;9;66;68;12;5;2;0,24
07/08/2017;0,28;0,17;1;8;10;63;61;19;5;4;0,67
06/08/2017;0,28;0,09;1;7;9;66;66;16;4;2;0,45
05/08/2017;0,27;0,09;1;9;11;55;57;9;4;2;0,44
04/08/2017;0,54;0,61;2;11;14;56;55;17;5;3;1,33
03/08/2017;0,71;2,17;3;13;17;52;54;21;5;5;1,92
02/08/2017;0,36;0,36;3;12;16;49;45;21;4;6;1,01
01/08/2017;0,37;0,24;2;13;16;37;35;15;4;3;0,76
31/07/2017;0,42;0,32;2;12;15;37;39;13;4;2;0,94
30/07/2017;0,36;0,25;1;9;11;40;40;16;4;3;0,78
29/07/2017;0,48;0,65;2;15;19;55;56;24;4;9;1,31
28/07/2017;0,57;0,61;2;14;18;44;46;14;6;5;1,18
27/07/2017;0,44;1,23;5;13;20;48;47;28;5;8;1,42
26/07/2017;;;;;;;;20;;;
25/07/2017;0,26;0,01;1;7;8;60;60;12;5;7;0,17
24/07/2017;0,24;0;1;7;9;47;46;8;5;7;0,11
23/07/2017;0,3;0,05;1;6;8;57;58;21;5;7;0,29
22/07/2017;0,55;0,17;2;10;13;45;42;15;6;9;0,5
21/07/2017;0,3;0,08;2;10;13;43;45;12;5;7;0,28
20/07/2017;0,25;0,02;2;10;12;55;57;12;5;8;0,21
19/07/2017;0,45;0,09;2;12;14;81;87;32;5;9;0,39
18/07/2017;;;2;13;15;82;79;33;6;8;
17/07/2017;0,76;0,48;4;22;28;72;72;30;6;13;1,22
16/07/2017;0,49;0,5;2;11;14;68;65;19;5;9;0,48
15/07/2017;0,76;0,14;2;10;13;59;62;12;4;8;0,44
14/07/2017;0,3;0,06;2;11;14;50;46;8;4;7;0,32
13/07/2017;0,31;0,08;2;11;14;39;39;10;4;6;0,27
12/07/2017;0,72;0,96;2;11;15;36;37;12;4;7;0,78
11/07/2017;0,63;0,42;3;12;17;42;43;13;4;8;0,76
10/07/2017;0,36;0,04;2;9;11;45;47;12;4;6;0,25
09/07/2017;0,53;0,06;1;8;11;61;63;20;4;6;0,38
08/07/2017;0,45;0,01;1;8;10;69;68;20;4;5;0,23
07/07/2017;0,63;0,15;2;12;15;49;48;19;4;7;0,54
06/07/2017;1,71;0,79;3;17;22;53;57;27;4;6;1,42
05/07/2017;;;1;10;13;59;60;30;4;7;
04/07/2017;2,01;1,78;9;24;37;50;43;25;5;10;2,88
03/07/2017;1,38;0,91;4;13;20;28;30;11;4;9;1,57
02/07/2017;1,14;0,47;1;9;11;48;50;14;3;7;0,65
01/07/2017;0,98;0,25;1;6;7;59;63;18;3;6;0,35
30/06/2017;1,17;0,29;1;5;6;70;70;13;3;6;0,44
29/06/2017;1,12;0,27;1;6;8;70;69;16;4;7;0,44
28/06/2017;1,08;0,6;2;7;10;59;56;15;4;6;0,9
27/06/2017;0,78;0,54;3;16;21;38;36;17;4;8;1,03
26/06/2017;1,13;0,6;2;13;17;39;39;15;4;7;1,25
25/06/2017;0,94;0,6;2;12;14;43;44;16;3;7;1,12
24/06/2017;1,07;0,51;1;10;12;51;52;20;3;7;0,91
23/06/2017;0,69;0,18;1;13;15;58;60;29;2;6;0,56
22/06/2017;0,64;0,31;1;13;15;70;77;33;3;7;0,78
21/06/2017;1;0,89;2;19;21;113;109;38;4;9;1,91
20/06/2017;1,04;0,6;3;24;30;98;101;32;3;11;1,67
19/06/2017;;;;;;;;34;;;
18/06/2017;0,66;0,36;2;14;17;83;83;28;3;7;0,55
17/06/2017;0,59;1,34;2;11;14;60;56;26;2;8;0,67
16/06/2017;0,82;0,61;3;18;22;49;51;26;2;10;1,15
15/06/2017;0,61;0,27;1;12;14;63;64;18;2;5;0,33
14/06/2017;0,75;0,52;2;16;20;54;50;32;2;7;0,74
13/06/2017;0,98;1,17;5;20;28;44;46;28;3;7;1,42
12/06/2017;0,74;0,24;3;18;23;43;42;20;2;6;0,55
11/06/2017;0,55;0,37;1;9;12;57;60;30;2;6;0,72
10/06/2017;0,83;0,94;2;10;14;47;43;23;2;5;1,1
09/06/2017;0,72;1,32;3;11;15;42;46;18;2;6;0,85
08/06/2017;1,19;1,57;2;15;18;65;63;31;3;6;2,26
07/06/2017;0,99;1,14;3;15;19;55;56;30;1;7;1,08
06/06/2017;0,62;0,23;1;8;10;68;69;22;1;3;0,39
05/06/2017;;;;;;;;14;;;
04/06/2017;1,04;0,41;1;9;11;51;51;12;1;2;1,13
03/06/2017;0,74;0,28;1;9;11;53;55;15;1;2;0,64
02/06/2017;0,6;0,14;1;12;14;64;64;20;1;2;0,53
01/06/2017;0,95;0,74;7;16;27;53;52;23;2;6;1,35
31/05/2017;1,18;0,67;3;14;19;45;45;17;1;3;2,05
30/05/2017;0,77;0,64;2;16;19;58;62;10;1;2;1,04
29/05/2017;0,55;0,58;2;16;19;66;65;17;1;1;0,45
28/05/2017;1,17;1,62;2;16;19;62;63;35;1;4;2,32
27/05/2017;0,96;1;2;15;18;71;71;29;1;3;2,24
26/05/2017;1,44;1,04;2;13;16;93;99;26;1;2;2,49
25/05/2017;0,98;1,96;4;21;26;87;;36;4;7;3,06
24/05/2017;0,95;1,4;3;18;22;62;60;28;5;10;2,45
23/05/2017;0,94;0,49;2;10;14;59;63;22;4;9;1,6
22/05/2017;0,67;0,49;2;10;13;80;82;32;4;7;0,85
21/05/2017;1,39;1,88;3;15;19;68;62;17;5;12;2,85
20/05/2017;0,59;0,34;1;9;10;65;67;11;4;7;0,64
19/05/2017;0,65;0,28;1;9;11;70;74;14;4;6;0,76
18/05/2017;0,84;0,15;1;7;9;79;72;9;4;6;1,44
17/05/2017;1,06;0,98;2;23;27;57;64;21;4;10;2,09
16/05/2017;1,45;1,72;4;20;26;77;73;25;3;13;2,15
15/05/2017;0,8;0,66;2;16;19;71;69;18;3;9;1,38
14/05/2017;0,78;0,39;2;12;15;59;60;15;3;9;1,04
13/05/2017;1,11;0,57;1;11;13;68;69;13;4;7;1,44
12/05/2017;1,14;1,85;2;10;12;77;79;11;5;5;2,73
11/05/2017;0,94;1,22;2;10;13;88;86;9;6;6;2,13
10/05/2017;1,87;1,23;3;23;27;69;66;28;5;9;2,39
09/05/2017;1,45;0,54;2;23;26;59;59;25;4;7;1,71
08/05/2017;1,04;0,61;3;18;23;53;55;15;4;5;0,69
07/05/2017;0,92;0,84;2;12;15;65;66;14;3;;0,47
06/05/2017;1,25;1,17;1;10;12;75;75;15;3;4;0,92
05/05/2017;1,54;1,97;2;20;23;74;73;27;5;8;2,36
04/05/2017;1,85;1,65;6;24;34;64;65;30;4;9;2,88
03/05/2017;0,78;0,78;3;13;17;55;55;16;3;5;1,61
02/05/2017;0,61;0,21;1;9;11;74;74;17;2;4;0,47
01/05/2017;0,8;0,44;1;11;13;76;82;23;3;5;0,65
30/04/2017;1,12;0,54;1;7;9;94;91;14;4;4;1,11
29/04/2017;1,81;1,29;1;11;14;76;76;16;4;6;2,51
28/04/2017;1,32;1,14;3;16;21;67;66;15;3;9;1,96
27/04/2017;0,87;0,56;2;12;16;69;70;12;3;6;1,16
26/04/2017;;;;;;;;14;;;
25/04/2017;0,87;0,4;2;18;21;68;66;21;5;11;1,09
24/04/2017;1;0,58;4;17;23;72;72;22;5;13;1,12
23/04/2017;0,78;0,37;2;15;18;87;91;23;5;14;1,05
22/04/2017;1,55;1,53;1;12;14;108;106;29;4;9;2,89
21/04/2017;1,76;1,14;5;26;33;80;80;30;4;13;1,69
20/04/2017;1,71;0,62;2;14;17;82;84;23;4;11;1,54
19/04/2017;1,88;0,87;2;13;16;91;89;24;4;11;1,87
18/04/2017;0,83;0,46;2;13;16;73;71;21;4;11;0,7
17/04/2017;0,84;0,83;2;12;15;66;65;20;4;9;1,37
16/04/2017;1,52;1,15;2;12;15;63;65;15;4;14;1,79
15/04/2017;0,83;0,78;1;10;12;73;73;20;4;8;0,85
14/04/2017;0,97;0,4;1;14;16;73;74;30;4;13;0,72
13/04/2017;0,75;0,47;3;15;19;74;76;25;4;19;0,86
12/04/2017;0,86;0,59;3;14;18;68;67;28;4;10;1,34
11/04/2017;0,6;0,22;1;11;13;88;94;29;3;7;0,65
10/04/2017;0,91;0,33;1;14;16;86;85;36;3;24;0,6
09/04/2017;1,18;0,65;2;14;17;81;78;29;4;13;1,39
08/04/2017;1,64;2,19;2;19;22;79;76;30;5;12;3,36
07/04/2017;1,09;0,79;3;18;22;67;70;29;4;11;1,35
06/04/2017;0,75;0,35;2;16;19;74;76;37;3;9;0,84
05/04/2017;0,68;0,18;1;9;11;80;80;23;3;7;0,41
04/04/2017;0,57;0,29;2;11;13;75;74;16;3;7;0,53
03/04/2017;1,55;0,96;5;13;22;67;63;20;4;15;1,62
02/04/2017;0,64;0,33;1;6;8;86;92;19;3;8;0,58
01/04/2017;0,72;0,3;1;6;7;87;85;14;3;8;0,52
31/03/2017;1,1;1,17;4;23;30;71;73;23;4;10;2,03
30/03/2017;1,28;2,37;2;14;17;89;85;18;4;7;2,9
29/03/2017;0,93;1,13;3;18;24;73;73;21;3;10;2,58
28/03/2017;1,05;1,09;2;16;19;75;77;16;3;10;4,05
27/03/2017;2,03;1,94;2;12;14;89;90;12;4;9;6,44
26/03/2017;2,03;1,63;1;9;11;77;76;10;5;29;4,06
25/03/2017;1,03;1,14;3;11;15;79;77;7;4;7;1,74
24/03/2017;1,11;1,08;3;16;20;66;67;12;;9;1,44
23/03/2017;1,24;1,76;2;10;13;78;81;7;4;;1,84
22/03/2017;1,56;1,36;2;12;15;74;;13;4;;1,83
21/03/2017;0,77;0,59;1;10;12;72;72;12;4;4;0,76
20/03/2017;1,13;0,99;2;18;21;60;61;34;4;14;1,28
19/03/2017;1,14;0,56;2;11;14;63;60;24;3;8;0,99
18/03/2017;1,06;0,54;2;16;19;63;67;26;3;5;0,98
17/03/2017;0,99;0,69;2;18;21;61;60;40;3;7;1,15
16/03/2017;1,76;3,04;6;28;36;64;62;34;4;12;4,19
15/03/2017;1,03;0,83;3;17;20;56;57;37;3;7;1,71
14/03/2017;0,68;0,29;2;15;18;62;65;36;2;3;0,48
13/03/2017;0,76;0,23;1;8;10;81;82;31;2;3;0,44
12/03/2017;0,78;0,3;1;5;7;85;85;21;3;4;0,33
11/03/2017;1,19;1,27;3;19;23;66;58;38;4;9;1,79
10/03/2017;0,95;1,76;13;34;53;28;28;41;3;12;2,47
09/03/2017;1,42;1,58;5;23;30;42;46;37;3;9;2,38
08/03/2017;1,58;1,23;3;17;22;54;56;25;3;9;2,34
07/03/2017;0,83;0,34;1;9;11;65;68;27;2;4;0,63
06/03/2017;0,77;0,51;1;8;10;78;73;31;2;3;0,86
05/03/2017;1,24;2,17;1;12;14;68;71;27;4;5;3,18
04/03/2017;0,95;0,69;1;8;10;77;80;13;4;4;1,33
03/03/2017;1,15;1,41;2;11;14;78;75;18;4;5;1,71
02/03/2017;1,48;1,89;10;23;38;47;43;28;4;11;3,16
01/03/2017;1,47;1,5;2;13;16;62;66;24;4;9;2,28
28/02/2017;0,98;0,55;1;8;10;74;75;16;4;8;0,96
27/02/2017;1,4;1,08;1;11;13;69;62;24;7;10;1,93
26/02/2017;0,93;1,15;3;19;23;50;52;25;4;15;1,58
25/02/2017;1,93;3,95;7;28;39;43;43;32;5;18;5,5
24/02/2017;0,79;0,46;2;16;19;66;67;20;3;9;0,89
23/02/2017;1,28;0,73;3;23;27;40;39;47;4;17;1,64
22/02/2017;1,46;1,65;6;21;30;42;40;31;4;19;2,84
21/02/2017;;;;;;;;21;;;
20/02/2017;1,03;0,9;2;17;20;56;57;25;3;7;1,73
19/02/2017;1,02;0,45;1;12;14;73;75;27;2;8;0,69
18/02/2017;1,1;0,6;2;15;18;58;56;25;3;8;1,58
17/02/2017;1,37;1,92;4;23;29;52;52;31;3;9;3
16/02/2017;1,28;1,94;2;18;21;61;64;25;3;7;3,16
15/02/2017;1,5;2,75;2;12;15;66;66;18;2;7;4,08
14/02/2017;1,39;1,98;1;10;12;70;68;12;3;7;3,01
13/02/2017;1,38;2,12;4;21;28;62;64;28;4;21;3,33
12/02/2017;3,78;5,19;4;20;26;52;49;32;4;14;7,83
11/02/2017;2,87;2,7;3;20;25;39;37;29;4;6;4,94
10/02/2017;1,21;1,69;2;18;22;58;61;19;3;7;2,54
09/02/2017;1,37;2,5;7;23;34;52;51;16;3;8;4,43
08/02/2017;0,66;0,35;1;9;11;78;83;19;2;5;0,94
07/02/2017;1;1,43;2;13;15;68;56;16;2;6;2,22
06/02/2017;1,34;6,82;26;39;79;36;48;21;3;7;8,59
05/02/2017;0,77;0,44;1;5;6;87;80;17;3;6;0,75
04/02/2017;1,17;3,81;2;21;24;57;63;19;4;6;3,46
03/02/2017;0,78;1,1;1;9;11;83;81;17;3;6;1,76
02/02/2017;1,16;1,3;2;13;15;74;74;15;3;7;2,36
01/02/2017;1,19;1,69;2;13;16;63;60;17;3;7;2,94
31/01/2017;1,07;3,4;2;14;17;58;61;14;3;9;3,29
30/01/2017;1,13;2,43;2;14;17;51;49;13;3;17;3,37
29/01/2017;1,37;2,14;1;7;9;66;64;12;2;11;3,44
28/01/2017;1,32;1,39;2;13;15;63;68;16;2;6;2,26
27/01/2017;1,47;2,59;2;14;17;69;66;20;3;7;7,76
26/01/2017;2,3;4,86;4;25;30;54;49;39;4;9;10,97
25/01/2017;2,21;4,16;3;23;28;42;43;21;2;5;3,72
24/01/2017;;;;;;;;27;;;
23/01/2017;1,08;0,26;1;12;14;71;71;22;2;6;0,58
22/01/2017;1,63;1,16;2;15;18;48;42;29;3;7;3,02
21/01/2017;1,81;1,21;5;28;36;29;29;36;4;9;2,31
20/01/2017;2,17;1,69;7;28;39;25;23;34;4;9;2,85
19/01/2017;5,21;4,76;8;40;52;19;23;36;3;6;8,22
18/01/2017;2,2;0,92;2;18;22;49;53;24;1;5;2,06
17/01/2017;1,16;0,34;2;12;15;65;65;13;1;13;0,65
16/01/2017;0,64;0,18;1;6;7;79;81;16;1;5;0,28
15/01/2017;0,59;0,16;1;5;6;82;81;17;1;5;0,26
14/01/2017;0,62;0,17;1;6;7;77;76;14;1;4;0,36
13/01/2017;0,59;0,24;1;6;8;80;81;22;1;5;0,41
12/01/2017;0,71;0,42;3;11;16;44;43;19;2;6;0,78
11/01/2017;0,53;0,18;3;10;15;64;67;9;1;5;0,33
10/01/2017;0,73;0,49;1;8;9;71;64;16;2;5;0,86
09/01/2017;1,56;1,97;6;27;36;35;36;22;2;11;3,41
08/01/2017;2,17;1,42;3;24;28;41;39;28;2;12;2,54
07/01/2017;1,4;1,01;4;24;30;33;33;33;2;10;1,58
06/01/2017;1,46;0,63;2;15;18;39;40;22;2;7;1,52
05/01/2017;2,02;3,53;4;25;31;31;28;24;;13;6,27
04/01/2017;1,35;0,89;5;24;32;19;18;30;;10;1,69
03/01/2017;1,31;1,56;7;25;36;19;19;33;;8;2,03
02/01/2017;1,72;3,26;7;23;34;38;42;23;;5;5,01
01/01/2017;1,68;3,24;2;12;15;37;39;19;;7;4,42
