Date;CO (mg/m3);NH3 (µg/m3);NO (µg/m3);NO2 (µg/m3);PM10 (µg/m3);PM2,5 (µg/m3);SO2 (µg/m3);CO 8h (mg/m3)
31/12/2014;0,62;5;43;63;25;17;9;
30/12/2014;0,6;4;51;57;20;15;6;
29/12/2014;0,39;3;30;40;17;11;6;
28/12/2014;0,15;4;3;8;10;3;4;
27/12/2014;0,15;6;4;17;19;8;7;
26/12/2014;0,33;5;23;53;12;7;5;
25/12/2014;0,48;7;15;43;18;9;6;
24/12/2014;0,37;5;33;47;17;14;9;
23/12/2014;0,57;5;57;56;23;16;7;
22/12/2014;0,89;4;47;49;24;14;5;
21/12/2014;0,32;5;13;30;13;6;4;
20/12/2014;0,19;5;16;36;14;6;5;
19/12/2014;0,18;4;18;44;13;7;7;
18/12/2014;0,2;5;15;38;15;8;6;
17/12/2014;0,16;6;8;29;11;5;4;
16/12/2014;0,17;6;5;25;11;5;5;
15/12/2014;0,27;5;33;50;18;10;10;
14/12/2014;0,33;7;20;41;19;11;5;
13/12/2014;0,3;6;27;47;16;11;5;
12/12/2014;0,23;9;9;23;;6;5;
11/12/2014;0,18;5;20;42;;10;6;
10/12/2014;0,23;7;16;36;16;10;5;
09/12/2014
08/12/2014
07/12/2014
06/12/2014
05/12/2014;0,43;5;30;51;17;10;6;
04/12/2014;0,51;4;31;43;15;8;5;
03/12/2014;0,43;4;34;43;20;11;5;
02/12/2014;0,25;5;7;26;14;8;4;
01/12/2014;0,21;6;7;26;15;9;4;
30/11/2014;0,21;6;3;15;14;6;4;
29/11/2014;0,28;7;9;37;17;8;4;
28/11/2014;0,22;6;5;26;9;5;4;
27/11/2014;0,27;6;13;36;16;9;5;
26/11/2014;0,44;5;50;57;22;15;5;
25/11/2014;0,29;5;36;36;21;10;5;
24/11/2014;0,26;7;11;36;16;8;5;
23/11/2014;0,33;9;10;30;33;14;5;
22/11/2014;0,24;7;7;32;24;13;5;
21/11/2014;0,23;7;6;27;20;14;5;
20/11/2014;0,32;6;19;50;16;11;6;
19/11/2014;0,34;4;38;52;20;12;6;
18/11/2014;0,22;5;10;31;12;7;5;
17/11/2014;0,24;4;9;30;11;5;5;
16/11/2014;0,18;5;2;14;;3;5;
15/11/2014;0,16;5;3;13;;2;4;
14/11/2014;0,2;5;12;28;12;5;4;
13/11/2014;0,17;7;6;21;7;3;5;
12/11/2014;0,34;4;21;34;12;6;5;
11/11/2014;0,21;5;8;25;10;5;5;
10/11/2014;0,24;4;16;28;13;9;6;
09/11/2014;0,26;5;5;22;9;5;8;
08/11/2014;0,2;5;7;23;12;6;7;
07/11/2014;0,24;5;19;36;19;9;7;
06/11/2014;0,2;4;16;33;10;6;5;
05/11/2014;0,22;5;8;32;9;5;6;
04/11/2014;0,18;5;10;36;10;5;7;
03/11/2014;0,19;6;8;25;13;6;5;
02/11/2014;0,34;8;7;27;16;10;5;
01/11/2014;0,21;9;5;16;25;12;4;
31/10/2014;0,21;7;9;31;25;16;5;
30/10/2014;0,24;7;18;43;31;18;6;
29/10/2014;0,28;7;18;42;30;18;6;
28/10/2014;0,21;8;15;34;23;15;6;
27/10/2014;0,39;9;42;54;46;22;9;
26/10/2014;0,52;10;26;46;48;23;8;
25/10/2014;0,83;13;34;45;64;31;9;
24/10/2014;0,57;9;47;69;49;22;13;
23/10/2014;0,45;4;51;66;38;18;10;
22/10/2014;0,24;6;25;42;30;11;6;
21/10/2014;0,56;10;43;35;38;18;7;
20/10/2014;0,78;15;29;37;53;24;6;
19/10/2014;0,46;19;17;17;33;15;13;
18/10/2014;0,25;16;17;14;17;7;6;
17/10/2014;0,31;14;10;14;9;5;5;0,33
16/10/2014;0,26;14;8;11;;6;4;
15/10/2014;0,19;13;8;10;11;2;5;
14/10/2014;0,38;15;19;27;16;9;5;
13/10/2014
12/10/2014
11/10/2014
10/10/2014
09/10/2014
08/10/2014;0,29;8;10;24;16;5;5;
07/10/2014;0,53;8;36;47;23;10;6;
06/10/2014;0,47;7;28;42;20;9;6;
05/10/2014;0,23;7;8;25;13;5;5;
04/10/2014;0,36;8;12;30;27;15;6;
03/10/2014;0,52;8;36;47;33;19;6;
02/10/2014;0,37;8;30;40;26;14;5;
01/10/2014;0,55;8;33;37;27;16;5;
30/09/2014;0,51;6;27;45;24;17;5;
29/09/2014;0,44;8;31;34;27;17;4;
28/09/2014;0,32;8;6;24;27;16;5;
27/09/2014;0,3;7;12;35;28;21;7;
26/09/2014;0,43;6;41;43;34;23;6;
25/09/2014;0,34;4;30;43;40;29;9;
24/09/2014;0,3;5;23;32;41;30;8;
23/09/2014;0,27;6;30;28;25;20;6;
22/09/2014;0,51;7;32;44;23;15;4;
21/09/2014;0,34;9;12;24;18;10;6;
20/09/2014;0,6;8;14;32;17;8;5;
19/09/2014;0,28;9;13;32;13;6;7;
18/09/2014;0,54;7;15;36;16;8;6;
17/09/2014;0,3;7;11;32;18;8;6;
16/09/2014;0,31;7;18;34;22;13;6;
15/09/2014;0,41;6;20;44;24;15;6;
14/09/2014;0,41;6;10;34;30;19;10;0,41
13/09/2014;0,32;7;10;32;41;23;13;0,31
12/09/2014;0,68;8;26;32;61;33;5;
11/09/2014;0,45;7;16;30;29;;4;
10/09/2014;0,4;6;20;36;51;20;5;
09/09/2014;0,42;7;21;33;30;18;5;
08/09/2014;0,43;9;27;32;29;14;4;
07/09/2014;0,64;6;10;30;33;17;4;
06/09/2014;0,43;6;10;28;;15;5;
05/09/2014;0,31;5;16;30;30;14;6;
04/09/2014;0,33;6;15;31;26;13;6;
03/09/2014;0,49;7;23;43;27;14;5;
02/09/2014;0,44;6;20;36;25;13;5;
01/09/2014;0,31;7;15;28;20;9;5;
31/08/2014;0,32;8;8;23;18;6;3;
30/08/2014;0,36;6;8;22;;7;4;
29/08/2014;0,33;6;15;24;;6;4;
28/08/2014;0,28;7;14;24;17;6;4;
27/08/2014;0,3;6;15;24;16;5;4;
26/08/2014;0,44;7;24;29;30;8;5;
25/08/2014;0,39;6;21;42;25;13;8;
24/08/2014;0,24;6;8;24;11;7;5;
23/08/2014;0,22;7;9;21;12;5;5;
22/08/2014;0,43;7;23;42;;9;6;
21/08/2014;0,45;6;22;30;18;8;5;
20/08/2014;0,28;6;9;29;13;6;4;
19/08/2014;0,47;6;19;27;19;9;5;
18/08/2014;0,31;5;16;37;19;8;6;
17/08/2014;0,19;5;7;23;15;7;7;
16/08/2014;0,25;4;10;25;;6;5;
15/08/2014;0,2;5;5;12;;4;5;
14/08/2014;0,32;5;13;24;16;6;5;
13/08/2014;0,21;5;6;17;13;5;6;
12/08/2014;0,29;5;13;29;16;7;4;
11/08/2014;0,23;6;8;19;14;5;2;
10/08/2014;0,56;8;8;16;14;8;2;
09/08/2014;0,56;7;8;18;21;7;2;
08/08/2014;0,32;6;16;21;19;8;3;
07/08/2014;0,38;6;16;27;22;11;3;
06/08/2014;0,29;5;20;30;;11;4;
05/08/2014;0,28;5;20;26;;9;4;
04/08/2014;0,25;5;11;29;12;;4;
03/08/2014;0,25;6;7;17;;6;2;
02/08/2014;0,28;6;8;24;18;10;3;
01/08/2014;0,5;7;10;23;18;8;2;
31/07/2014;0,28;7;12;20;16;9;3;
30/07/2014;0,31;6;21;28;18;7;4;
29/07/2014;0,22;5;8;20;12;5;2;
28/07/2014;0,26;5;14;31;23;12;11;
27/07/2014;0,29;5;7;21;27;16;6;
26/07/2014;0,31;6;6;18;;16;3;
25/07/2014;0,35;6;5;14;;13;2;
24/07/2014;0,25;6;11;24;20;14;8;
23/07/2014;0,27;5;15;29;24;11;6;
22/07/2014;0,25;4;17;24;18;8;6;
21/07/2014;0,26;5;8;17;15;6;6;
20/07/2014;0,23;6;7;13;17;5;6;
19/07/2014;0,33;6;9;23;;10;5;
18/07/2014;0,41;6;14;26;36;19;5;
17/07/2014;0,34;6;11;27;43;20;5;
16/07/2014;0,31;5;14;29;30;16;6;
15/07/2014;0,29;4;20;24;25;13;5;
14/07/2014;0,24;4;9;19;10;5;4;
13/07/2014;0,25;5;12;17;25;13;8;
12/07/2014;0,2;4;7;16;;6;5;
11/07/2014;0,18;4;9;17;14;;5;
10/07/2014;0,17;5;7;16;20;;4;
09/07/2014;0,17;6;7;11;14;;3;
08/07/2014;0,23;6;15;27;20;;4;
07/07/2014;0,24;6;19;26;20;9;4;
06/07/2014;0,29;6;8;20;19;9;5;
05/07/2014;0,34;6;12;27;31;20;5;
04/07/2014;0,27;6;8;23;25;17;4;
03/07/2014;0,24;6;19;30;21;10;4;
02/07/2014;0,21;6;14;34;20;10;4;
01/07/2014;0,29;6;15;29;19;11;4;
30/06/2014;0,21;6;17;29;21;9;6;
29/06/2014;0,19;6;7;15;14;6;6;
28/06/2014;0,28;6;10;18;13;7;4;
27/06/2014;0,31;6;19;27;22;11;4;
26/06/2014;0,2;6;7;19;;8;5;
25/06/2014;0,21;6;7;15;20;12;7;
24/06/2014;0,24;6;6;17;24;15;7;
23/06/2014;0,4;6;13;28;28;17;7;
22/06/2014;0,26;6;5;13;17;12;6;
21/06/2014;0,31;8;7;21;22;14;7;
20/06/2014;0,54;8;22;50;40;18;10;
19/06/2014;0,34;6;17;38;27;14;9;
18/06/2014;0,24;6;13;28;24;11;9;
17/06/2014;0,21;6;10;23;23;10;11;
16/06/2014;0,2;5;6;18;24;10;7;
15/06/2014;0,2;5;5;11;21;8;6;
14/06/2014;0,23;6;6;17;25;13;7;
13/06/2014;0,38;7;15;27;29;18;8;
12/06/2014;0,35;7;17;33;;15;10;
11/06/2014;0,23;7;13;23;23;9;8;
10/06/2014;0,23;6;10;22;15;6;7;
09/06/2014;0,34;6;14;26;20;10;7;
08/06/2014;0,29;8;7;21;19;9;10;
07/06/2014;0,27;9;7;30;21;8;9;
06/06/2014;0,28;16;36;45;43;18;12;
05/06/2014;0,28;6;14;40;26;10;9;
04/06/2014;0,23;7;8;26;21;9;7;
03/06/2014;0,27;8;21;32;24;15;9;
02/06/2014;0,22;4;12;26;21;13;9;
01/06/2014;0,21;3;5;14;;9;6;
31/05/2014;0,16;3;5;12;12;7;5;
30/05/2014;0,16;3;7;17;13;9;5;
29/05/2014;0,18;3;15;27;15;8;6;
28/05/2014;0,25;4;9;35;16;11;7;
27/05/2014;0,31;5;17;30;30;14;8;
26/05/2014;0,2;4;10;26;16;8;10;
25/05/2014;0,16;3;3;13;11;5;6;
24/05/2014;0,2;3;5;19;16;6;6;
23/05/2014;0,18;3;6;23;13;6;8;
22/05/2014;0,19;3;6;25;14;4;5;
21/05/2014;0,21;3;4;14;13;5;5;
20/05/2014;0,31;3;9;23;15;7;6;
19/05/2014;0,28;4;5;19;22;13;6;
18/05/2014;0,22;4;4;22;24;14;12;
17/05/2014;0,19;4;6;23;22;14;20;
16/05/2014;0,2;4;11;24;22;11;17;
15/05/2014;0,22;7;14;26;21;11;11;
14/05/2014;0,26;4;15;28;22;10;11;
13/05/2014;0,18;4;8;21;15;9;10;
12/05/2014;0,19;2;12;26;20;10;13;
11/05/2014;0,15;1;3;11;14;6;6;
10/05/2014;0,19;2;6;16;15;10;6;
09/05/2014;0,23;3;14;26;21;14;12;
08/05/2014;0,38;5;;;22;12;12;
07/05/2014;0,18;6;;;22;11;10;
06/05/2014;0,23;7;;;28;15;11;
05/05/2014;0,21;6;;;21;11;10;
04/05/2014;0,16;6;;;13;8;7;
03/05/2014;0,14;4;;;12;7;7;
02/05/2014;;4;;;10;5;7;
01/05/2014;;6;;;9;5;7;
30/04/2014
29/04/2014
28/04/2014
27/04/2014
26/04/2014
25/04/2014
24/04/2014
23/04/2014
22/04/2014
21/04/2014
20/04/2014
19/04/2014
18/04/2014
17/04/2014
16/04/2014
15/04/2014
14/04/2014
13/04/2014
12/04/2014
11/04/2014
10/04/2014
09/04/2014
08/04/2014
07/04/2014
06/04/2014
05/04/2014
04/04/2014
03/04/2014
02/04/2014
01/04/2014
31/03/2014
30/03/2014
29/03/2014
28/03/2014
27/03/2014
26/03/2014
25/03/2014
24/03/2014
23/03/2014
22/03/2014
21/03/2014
20/03/2014
19/03/2014
18/03/2014
17/03/2014
16/03/2014
15/03/2014
14/03/2014
13/03/2014
12/03/2014
11/03/2014
10/03/2014
09/03/2014
08/03/2014
07/03/2014
06/03/2014
05/03/2014
04/03/2014
03/03/2014
02/03/2014
01/03/2014
28/02/2014
27/02/2014
26/02/2014
25/02/2014
24/02/2014
23/02/2014
22/02/2014
21/02/2014
20/02/2014
19/02/2014
18/02/2014
17/02/2014
16/02/2014
15/02/2014
14/02/2014
13/02/2014
12/02/2014
11/02/2014
10/02/2014
09/02/2014
08/02/2014
07/02/2014
06/02/2014
05/02/2014
04/02/2014
03/02/2014
02/02/2014
01/02/2014
31/01/2014
30/01/2014
29/01/2014
28/01/2014
27/01/2014
26/01/2014
25/01/2014
24/01/2014
23/01/2014
22/01/2014
21/01/2014
20/01/2014
19/01/2014;0,42;3;8;29;;;3;
18/01/2014;0,29;3;6;26;;;3;
17/01/2014;0,32;2;8;29;;;3;
16/01/2014;0,3;3;8;24;;;2;
15/01/2014;0,4;4;28;37;;;3;
14/01/2014;0,28;3;13;39;;;2;
13/01/2014;0,25;3;16;36;;;3;
12/01/2014;0,24;4;5;15;;;3;
11/01/2014;0,44;3;33;48;;;8;
10/01/2014;0,35;3;44;55;;;6;
09/01/2014;0,25;3;21;46;;;4;
08/01/2014;0,39;3;17;45;;;4;
07/01/2014;0,21;4;9;26;;;3;
06/01/2014;0,21;4;5;14;;;3;
05/01/2014;0,25;3;4;11;;;3;
04/01/2014;0,22;3;4;13;;;4;
03/01/2014;0,67;5;35;52;;;4;
02/01/2014;0,69;4;40;40;;;4;
01/01/2014;0,37;4;4;14;;;3;
