Date;Benceno (µg/m3);CO (mg/m3);Etilbenceno (µg/m3);NO (µg/m3);NO2 (µg/m3);NOX (µg/m3);O3 (µg/m3);Ortoxileno (µg/m3);PM10 (µg/m3);SO2 (µg/m3);Tolueno (µg/m3);CO 8h (mg/m3)
31/12/2014;1,11;0,44;0,81;53;60;141;8;3,8;29;17;4,74;
30/12/2014;0,71;0,38;0,57;41;49;112;13;2,77;23;12;4,02;
29/12/2014;0,55;0,32;0,29;18;33;61;34;1,51;17;10;2,09;
28/12/2014;0,23;0,19;0;3;8;12;77;0,03;12;6;0,34;
27/12/2014;0,14;0,18;0,07;4;19;26;57;0,7;21;6;1,04;
26/12/2014;0,44;0,31;0,47;22;53;86;13;2,4;17;7;3,18;
25/12/2014;0,59;0,35;0,35;16;40;64;21;1,97;17;8;2,6;
24/12/2014;0,71;0,38;0,79;46;46;117;6;3,78;22;11;4,6;
23/12/2014;0,87;0,41;1,44;67;54;157;6;5,84;22;10;7,44;
22/12/2014;0,77;0,4;1,19;62;52;148;7;5,02;22;9;7,01;
21/12/2014;0,36;0,26;0,18;10;28;43;36;1,25;12;5;1,81;
20/12/2014;0,49;0,35;0,53;26;49;90;9;2,72;21;9;3,26;
19/12/2014;0,38;0,29;0,61;28;49;92;15;2,73;20;8;3,9;
18/12/2014;0,4;0,31;0,69;27;44;85;29;3,17;20;8;5,62;
17/12/2014;0,21;0,22;0,26;9;35;49;45;1,53;13;7;3,17;
16/12/2014;0,31;0,26;0,19;8;35;46;44;1,28;14;7;1,93;
15/12/2014;0,64;;0,74;44;49;116;17;3,48;25;11;4,73;
14/12/2014;0,46;;0,36;23;39;74;19;1,97;20;7;2,51;
13/12/2014;0,46;;0,44;22;46;80;27;2,25;16;7;2,68;
12/12/2014;0,32;0,23;0,44;14;40;61;36;2,25;14;7;2,68;
11/12/2014;0,47;0,28;0,71;29;47;91;31;3,11;25;8;4,86;
10/12/2014;0,56;0,38;1,11;48;61;135;13;5,02;24;12;6,96;
09/12/2014;0,41;0,32;0,24;10;35;51;45;1,32;14;7;2,02;
08/12/2014;0,25;0,24;0,2;11;31;47;46;1,27;15;7;1,78;
07/12/2014;0,55;0,35;0,47;18;50;78;23;2,37;17;8;3,63;
06/12/2014;0,34;0,27;0,07;4;20;26;62;0,63;11;6;0,96;
05/12/2014;0,49;0,29;0,41;13;45;65;26;2,03;10;;4,56;
04/12/2014;0,93;0,38;0,54;27;39;81;13;2,43;13;;4,47;
03/12/2014;0,95;0,37;0,51;22;36;69;14;2,32;13;7;3,5;
02/12/2014;0,77;0,38;0,24;8;29;40;29;1,35;15;4;4,71;
01/12/2014;0,4;0,28;0,06;4;19;25;44;0,6;21;4;1,14;
30/11/2014;0,33;0,27;0,06;4;18;24;40;0,61;18;4;1,17;
29/11/2014;0,52;0,38;0,49;11;46;63;20;2,63;21;5;3,44;
28/11/2014;0,26;0,23;0,44;12;38;56;43;2,24;12;4;3,27;
27/11/2014;0,37;0,23;0,65;20;42;72;24;3,13;17;5;3,92;
26/11/2014;0,53;0,33;0,82;27;50;91;12;3,54;22;7;6,27;
25/11/2014;0,49;0,32;0,71;20;37;68;20;3,23;20;7;4,2;
24/11/2014;0,38;0,32;0,34;8;34;46;20;1,84;16;4;4,15;
23/11/2014;0,64;0,37;0,6;23;34;70;13;3,47;41;6;4,58;
22/11/2014;0,36;0,3;0,51;13;37;58;16;2,44;30;6;2,79;
21/11/2014;0,32;0,27;0,6;13;41;60;20;2,82;26;6;3,3;
20/11/2014;0,46;0,33;0,95;21;54;86;14;4,27;18;8;5,59;
19/11/2014;0,51;0,34;0,82;36;51;106;13;3,91;21;8;5,24;
18/11/2014;0,52;0,32;0,83;34;53;105;14;4,08;20;11;4,85;
17/11/2014;0,24;0,27;0,3;13;39;59;28;1,64;11;5;2,24;
16/11/2014;0,19;0,23;0,03;4;20;26;37;0,47;7;5;0,84;
15/11/2014;0,13;0,18;0,04;5;20;28;38;0,57;7;5;0,89;
14/11/2014;0,19;0,23;0,18;11;31;48;34;1,45;10;5;1,87;
13/11/2014;0,16;0,25;0,26;10;28;43;31;2,01;10;5;1,99;
12/11/2014;0,4;0,31;0,28;20;44;75;25;2,19;14;7;3,06;
11/11/2014;0,22;0,25;0,24;14;39;60;25;1,69;10;7;2,57;
10/11/2014;0,33;0,27;0,29;28;45;89;21;2,45;16;11;3,82;
09/11/2014;0,22;0,23;0,11;7;34;44;29;1,03;11;7;1,37;
08/11/2014;0,27;0,25;0,28;15;43;66;24;2,04;18;10;2,25;
07/11/2014;0,33;0,3;0,31;22;43;77;24;2,35;19;9;3,41;
06/11/2014;0,38;0,31;0,59;34;62;114;9;4,06;17;9;4,89;
05/11/2014;0,18;0,23;0,19;13;49;68;22;1,53;9;6;2,4;
04/11/2014;0,17;0,19;0,15;11;46;63;22;1,65;8;7;2,98;
03/11/2014;0,17;0,2;0,24;11;37;53;27;1,61;15;6;1,97;
02/11/2014;0,27;0,25;0,34;10;37;52;18;1,79;20;7;2,23;
01/11/2014;0,41;0,37;0,35;9;29;43;24;1,62;28;6;2,24;
31/10/2014;0,39;0,33;1,01;22;56;90;11;4,46;34;8;5,04;
30/10/2014;0,62;0,37;2,15;46;71;141;9;7,92;37;8;10,08;
29/10/2014;0,57;0,37;1,56;34;69;122;10;6,55;36;8;8,37;
28/10/2014;0,55;0,36;1,56;32;62;110;14;6,37;34;6;7,28;
27/10/2014;0,73;0,47;1,61;58;71;160;8;6,38;48;15;8,4;
26/10/2014;0,73;0,46;0,96;32;60;110;11;4,33;46;13;5,18;
25/10/2014;0,69;0,45;1,15;38;53;111;13;4,51;44;13;6,02;
24/10/2014;1,01;0,5;2,43;75;81;196;6;8,1;47;19;11,07;
23/10/2014;0,69;0,35;1,66;56;74;160;8;6,5;30;13;8,05;
22/10/2014;0,49;0,33;;11;37;55;28;1,98;25;5;3,65;
21/10/2014;0,48;0,36;1,32;38;38;97;22;4,4;36;10;5,47;
20/10/2014;0,77;0,47;1,52;56;60;146;11;5,8;44;8;7,56;
19/10/2014;0,42;0,37;0,75;24;52;89;18;3,54;36;11;4,03;
18/10/2014;0,4;0,31;0,73;25;53;91;24;3,57;18;5;4,26;
17/10/2014;0,31;0,26;0,8;26;56;97;19;3,7;12;4;5,3;0,24
16/10/2014;0,38;0,37;0,68;26;35;75;22;2,98;13;4;3,74;
15/10/2014;0,14;0,25;0,5;12;35;53;26;2,48;9;4;2,96;
14/10/2014;0,3;0,27;0,66;23;49;84;23;3,1;17;7;3,56;
13/10/2014;0,47;0,38;0,9;29;52;97;14;3,98;22;6;6,67;
12/10/2014;0,13;0,2;0,27;8;36;48;20;1,61;9;3;2;
11/10/2014;0,38;0,34;0,71;25;45;84;7;3,31;23;7;3,86;
10/10/2014;0,36;0,33;0,86;34;42;94;12;3,59;32;8;5,16;
09/10/2014;0,31;0,3;0,61;16;43;68;16;2,67;22;4;3,45;
08/10/2014;0,22;0,27;0,6;15;34;57;15;2,73;17;3;3,09;
07/10/2014;0,36;0,36;0,86;22;48;81;15;3,61;25;3;3,79;
06/10/2014;0,47;0,42;1,28;39;53;114;11;4,73;26;3;4,44;
05/10/2014;0,13;0,21;0,18;7;29;39;20;1,26;15;2;1,5;
04/10/2014;0,36;0,32;0,61;13;35;55;24;2,49;28;9;2,84;
03/10/2014;0,58;0,41;1,07;25;52;91;18;3,96;31;7;5,69;
02/10/2014;0,29;0,31;0,9;21;43;75;17;3,71;23;6;4,74;
01/10/2014;0,23;0,29;0,87;20;36;67;20;3,53;25;7;3,99;
30/09/2014;0,31;0,34;0,6;12;41;60;23;2,75;24;5;3,59;
29/09/2014;0,62;0,48;0,78;17;38;64;24;3,38;30;6;3,94;
28/09/2014;0,35;0,38;0,36;6;39;49;30;1,76;30;6;2,24;
27/09/2014;0,32;0,33;0,73;18;51;79;20;3,16;34;9;3,64;
26/09/2014;0,4;0,32;1,19;30;44;90;19;4,39;36;9;4,5;
25/09/2014;0,41;0,32;1;25;50;88;15;4,05;46;11;4,67;
24/09/2014;0,27;0,29;0,7;19;38;68;28;2,96;44;11;3,81;
23/09/2014;0,34;0,3;0,33;8;30;42;29;1,7;30;6;3,11;
22/09/2014;0,47;0,5;0,49;11;46;64;17;2,25;23;4;4,18;
21/09/2014;0,25;0,35;0,4;11;27;44;29;1,98;21;6;2,42;
20/09/2014;0,23;0,32;0,53;15;45;67;19;2,67;15;5;3,43;
19/09/2014;0,27;0,29;0,8;19;53;82;26;3,68;14;6;5;
18/09/2014;0,21;0,27;0,59;17;55;82;25;2,91;14;5;6;
17/09/2014;0,2;0,28;0,67;18;51;79;22;2,7;16;5;3,56;
16/09/2014;0,35;0,35;0,95;23;55;90;20;3,74;26;7;4,89;
15/09/2014;0,35;0,37;0,73;21;52;86;20;3,35;25;8;4,18;
14/09/2014;0,47;0,4;0,44;8;42;55;31;2,03;34;10;2,67;0,4
13/09/2014;0,54;0,37;0,57;9;41;54;34;2,62;36;9;3,29;0,37
12/09/2014;0,38;0,42;0,64;11;41;57;37;2,83;34;5;5,38;
11/09/2014;0,3;0,45;0,49;9;34;48;34;2,04;44;3;3,35;
10/09/2014;0,33;0,39;1,17;19;45;74;33;3,14;31;5;4,62;
09/09/2014;0,41;0,4;0,96;16;40;65;26;2,91;41;5;4,52;
08/09/2014;0,27;0,42;0,62;19;35;64;22;2,8;27;5;3,63;
07/09/2014;0,3;0,42;0,52;10;39;54;24;2,56;42;5;3,08;
06/09/2014;0,36;0,39;0,53;11;35;52;34;2,35;39;7;2,98;
05/09/2014;0,4;0,41;0,65;14;39;61;36;2,88;30;8;3,79;
04/09/2014;0,29;0,38;0,58;15;39;62;36;2,6;29;8;3,62;
03/09/2014;0,41;0,38;0,65;16;41;66;36;2,73;26;8;3,38;
02/09/2014;0,37;0,3;0,62;15;35;58;33;2,43;21;6;2,98;
01/09/2014;0,18;0,29;0,31;13;30;50;32;1,75;20;5;2,54;
31/08/2014;0,16;0,33;0,1;5;22;29;33;0,79;16;4;1,4;
30/08/2014;0,13;0,29;0,16;5;24;32;30;1,08;12;4;1,61;
29/08/2014;0,18;0,3;0,25;11;29;46;25;1,44;11;4;1,99;
28/08/2014;0,32;0,38;0,36;8;29;41;22;1,81;;3;2,73;
27/08/2014;0,28;0,36;0,25;11;29;46;23;1,38;;3;1,84;
26/08/2014;0,2;0,35;0,54;18;34;62;20;2,42;33;7;2,87;
25/08/2014;0,25;0,3;0,5;17;47;73;29;2,37;19;7;3,04;
24/08/2014;0,2;0,29;0,22;9;31;44;31;1,32;13;5;1,89;
23/08/2014;0,14;0,26;0,17;13;31;50;28;1,05;10;5;1,45;
22/08/2014;0,4;0,32;0,77;21;47;79;13;2,66;17;5;3,33;
21/08/2014;0,19;0,29;0,32;12;32;51;27;1,61;14;4;2,07;
20/08/2014;0,23;0,29;0,32;8;34;46;27;1,82;16;4;2,11;
19/08/2014;0,18;0,3;0,33;13;29;48;31;1,8;14;6;1,92;
18/08/2014;0,16;0,28;0,28;12;37;55;27;1,58;15;6;2,01;
17/08/2014;0,11;0,26;0,14;8;27;38;37;1;12;8;1,36;
16/08/2014;0,12;0,24;0,18;6;23;32;38;1,07;10;6;1,5;
15/08/2014;0,13;0,25;0,02;4;17;23;48;0,39;9;6;1,24;
14/08/2014;0,09;0,22;0,28;12;27;45;35;1,54;14;6;2,25;
13/08/2014;0,11;0,19;0,08;5;18;25;49;0,68;11;7;1,01;
12/08/2014;0,15;0,33;0,28;9;28;42;37;1,58;14;7;2,37;
11/08/2014;0,12;0,27;0,13;5;20;28;39;0,91;10;5;1,6;
10/08/2014;0,11;0,36;0,15;7;19;30;37;0,96;;5;1,53;
09/08/2014;0,1;0,35;0,26;6;20;29;34;1,43;34;5;1,79;
08/08/2014;0,1;0,31;0,62;11;25;41;31;2,02;21;5;2,91;
07/08/2014;0,16;0,35;0,7;11;30;48;29;3,12;;6;3,26;
06/08/2014;0,17;0,35;0,75;14;31;53;34;3,25;23;7;3,93;
05/08/2014;0,12;0,31;0,61;14;26;48;33;2,71;15;6;2,95;
04/08/2014;0,13;0,31;0,13;5;24;32;35;0,93;10;4;1,56;
03/08/2014;0,1;0,3;0,18;7;22;34;35;1,07;18;4;1,41;
02/08/2014;0,1;0,31;0,28;7;30;40;34;1,54;20;3;1,84;
01/08/2014;0,09;0,28;0,18;5;24;33;41;1,17;15;3;1,63;
31/07/2014;0,08;0,26;0,6;10;21;36;42;2,08;19;4;2,17;
30/07/2014;0,18;0,3;0,67;17;32;58;33;2,65;19;5;3,23;
29/07/2014;0,56;0,33;0,29;6;26;35;41;1,55;12;3;3,18;
28/07/2014;0,18;0,3;0,53;9;29;44;43;2,2;21;3;3,06;
27/07/2014;0,16;0,32;0,19;4;23;30;62;1,19;26;5;1,68;
26/07/2014;0,11;0,34;0,15;4;20;27;66;1,01;27;2;1,57;
25/07/2014;0,16;0,35;0,1;3;18;23;64;0,79;24;2;1,34;
24/07/2014;0,26;0,34;0,47;8;29;42;56;1,77;21;3;2,68;
23/07/2014;0,29;0,29;0,39;12;30;48;50;1,86;25;3;2,86;
22/07/2014;0,1;0,25;0,43;16;24;49;32;2,23;16;4;2,63;
21/07/2014;0,05;0,22;0,12;5;17;24;39;0,82;11;3;1,36;
20/07/2014;0,14;0,2;0,04;4;16;23;43;0,5;11;4;0,88;
19/07/2014;0,12;0,27;0,29;8;32;43;34;1,51;19;4;2,16;
18/07/2014;0,16;0,3;0,37;6;27;36;45;1,66;31;3;3,06;
17/07/2014;0,19;0,34;0,56;11;34;51;54;2,52;33;4;3,71;
16/07/2014;0,15;0,32;0,36;8;28;41;44;1,74;34;6;2,98;
15/07/2014;0,23;0,33;0,54;15;28;51;33;2,31;21;5;3,12;
14/07/2014;0,09;0,27;0,3;6;23;33;31;1,39;10;4;3,01;
13/07/2014;0,14;0,27;0,17;11;21;38;37;1,02;19;8;1,47;
12/07/2014;0,06;0,21;0,09;6;21;31;33;0,75;12;4;1,25;
11/07/2014;0,06;0,2;0,21;9;25;40;28;1,2;;4;1,63;
10/07/2014;0,06;0,15;0,13;5;20;28;43;0,91;17;6;1,53;
09/07/2014;0,08;0,17;0,06;4;14;21;49;0,58;12;4;1,01;
08/07/2014;0,12;0,23;0,32;10;29;44;30;1,62;16;6;2,54;
07/07/2014;0,17;0,22;0,3;10;26;42;37;1,38;16;5;2,1;
06/07/2014;0,18;0,25;0,15;5;27;35;30;1,06;17;5;1,81;
05/07/2014;0,34;0,36;0,41;8;30;42;38;1,87;23;5;3,17;
04/07/2014;0,39;0,33;0,34;6;30;40;57;1,77;21;3;3,24;
03/07/2014;0,19;0,28;0,39;8;30;42;35;1,98;20;3;4,92;
02/07/2014;0,2;0,22;0,62;8;37;50;23;2,53;15;4;14,97;
01/07/2014;0,18;0,25;0,46;12;32;51;31;2,05;17;5;20,83;
30/06/2014;0,17;0,23;0,33;13;28;48;38;1,74;17;6;3,85;
29/06/2014;0,12;0,19;0,09;4;19;26;38;0,71;13;4;1,07;
28/06/2014;0,09;0,19;0,19;6;25;34;39;1,15;13;4;1,58;
27/06/2014;0,24;0,29;0,4;10;25;39;43;1,96;18;6;2,23;
26/06/2014;0,21;0,22;0,17;6;25;33;48;1,07;17;7;2,74;
25/06/2014;0,15;0,27;0,14;4;20;26;73;0,85;18;7;2,75;
24/06/2014;0,48;0,34;0,3;4;23;30;70;1,37;23;6;2,43;
23/06/2014;0,43;0,36;0,41;7;31;42;50;1,84;30;6;3,35;
22/06/2014;0,15;0,33;0,04;3;16;21;70;0,5;20;6;1,63;
21/06/2014;0,26;0,36;0,28;5;26;34;58;1,46;31;6;2,26;
20/06/2014;0,34;0,39;0,76;15;52;74;48;3,15;42;10;5,58;
19/06/2014;0,17;0,27;0,45;12;39;58;54;2,18;25;9;2,95;
18/06/2014;0,22;0,28;0,41;12;36;55;48;2,02;23;10;2,85;
17/06/2014;0,18;0,27;0,27;8;30;42;59;1,34;21;8;2,12;
16/06/2014;0,12;0,22;0,1;4;19;25;67;0,7;20;6;1,13;
15/06/2014;0,2;0,24;0,03;3;12;17;68;0,34;17;6;0,8;
14/06/2014;0,18;0,3;0,11;4;17;23;81;0,72;23;7;1,36;
13/06/2014;0,33;0,41;0,64;13;34;55;51;2,84;33;7;4,23;
12/06/2014;0,21;0,41;0,52;11;35;51;48;2,4;32;8;4,39;
11/06/2014;0,24;0,32;0,52;11;30;46;38;2,38;23;6;3,28;
10/06/2014;0,2;0,26;0,15;5;21;29;45;1;14;7;1,47;
09/06/2014;0,27;0,33;0,36;7;26;37;51;1,91;23;9;2,62;
08/06/2014;0,19;0,35;0,19;8;29;41;52;1,18;19;14;1,75;
07/06/2014;0,12;0,26;0,3;6;35;45;47;1,64;17;11;2,06;
06/06/2014;0,47;0,37;1,47;41;60;123;36;5,96;47;12;7,91;
05/06/2014;0,35;0,34;0,68;14;50;72;33;3,02;28;13;4,26;
04/06/2014;0,27;0,24;0,26;5;30;37;48;1,43;19;9;2,04;
03/06/2014;0,36;0,36;0,57;19;40;70;41;2,42;27;13;6,71;
02/06/2014;0,22;0,29;0,22;8;28;41;57;1,28;19;5;1,8;
01/06/2014;0,17;0,26;0,06;3;19;24;62;0,49;15;;0,79;
31/05/2014;0,06;0,2;0,1;3;17;23;61;0,7;11;5;0,91;
30/05/2014;0,07;0,21;0,19;5;24;32;49;1,03;11;5;1,57;
29/05/2014;0,15;0,24;0,36;17;33;58;37;1,84;17;9;2,27;
28/05/2014;0,28;0,28;0,41;7;38;49;42;2,03;16;7;3,22;
27/05/2014;0,24;0,28;0,31;12;33;51;49;1,67;18;14;2,27;
26/05/2014;0,18;0,27;0,26;11;32;49;46;1,47;;12;1,72;
25/05/2014;0,1;0,25;0,03;4;19;25;55;0,4;10;7;0,65;
24/05/2014;0,16;0,29;0,13;6;24;33;50;0,88;15;8;1,16;
23/05/2014;0,11;0,23;0,18;7;28;38;56;1,13;10;7;1,58;
22/05/2014;0,13;0,27;0,19;6;30;38;49;1,11;10;5;1,55;
21/05/2014;0,13;0,22;0,21;8;31;43;57;1,35;13;4;1,74;
20/05/2014;0,15;0,26;0,18;8;30;43;52;1,11;14;4;1,74;
19/05/2014;0,24;0,38;0,25;5;29;37;71;1,16;24;6;1,32;
18/05/2014;0,28;0,32;0,21;9;43;56;52;1,29;25;16;1,61;
17/05/2014;0,21;0,29;0,36;15;42;65;50;1,89;26;23;2,14;
16/05/2014;0,21;0,29;0,41;16;34;58;51;2,07;24;10;2,81;
15/05/2014;0,17;0,26;0,5;17;32;59;48;2,48;19;9;3,33;
14/05/2014;0,16;0,29;0,43;19;36;65;37;2,24;21;12;2,15;
13/05/2014;0,27;0,27;0,19;6;25;35;48;1,13;14;7;1,44;
12/05/2014;0,26;0,32;0,4;18;37;65;30;2,15;25;13;2,84;
11/05/2014;0,35;0,24;0,04;3;16;21;53;0,37;15;8;0,68;
10/05/2014;0,36;0,37;0,19;10;24;40;29;1,08;18;9;1,41;
09/05/2014;0,34;0,39;0,63;20;38;69;27;3;26;14;3,44;
08/05/2014;0,3;0,33;0,49;15;33;55;38;2,31;20;10;2,69;
07/05/2014;0,3;0,33;0,41;7;32;43;44;1,86;20;9;2,96;
06/05/2014;0,33;0,34;0,39;11;39;56;46;1,91;27;12;2,7;
05/05/2014;0,26;0,37;0,25;12;38;58;56;1,46;22;16;1,81;
04/05/2014;0,18;0,29;0,15;7;33;44;45;1;17;14;1,36;
03/05/2014;0,19;0,22;0,08;4;21;27;58;0,63;11;11;1,03;
02/05/2014;0,08;0,2;0,03;4;18;25;60;0,4;7;11;0,69;
01/05/2014;0,14;0,2;0,07;5;17;24;51;0,58;8;8;0,88;
30/04/2014;0,18;0,24;0,15;5;22;29;42;0,91;11;9;0,94;
29/04/2014;0,21;0,27;0,37;19;36;65;26;2;14;8;2,5;
28/04/2014;0,28;0,29;0,24;10;42;58;32;1,31;9;5;1,74;
27/04/2014;0,11;0,2;0;3;14;19;71;0,2;15;10;0,41;
26/04/2014;0,14;0,23;0,04;4;20;26;61;0,45;13;9;0,74;
25/04/2014;0,11;0,21;0,15;4;21;27;68;0,92;9;6;1,16;
24/04/2014;0,28;0,26;0,35;12;34;53;44;1,91;14;7;2,65;
23/04/2014;0,31;0,25;0,28;12;37;56;43;1,58;17;10;2,32;
22/04/2014;0,22;0,27;0,24;8;45;57;31;1,35;14;;2,08;
21/04/2014;0,13;0,27;0,11;6;24;34;38;0,79;15;;1,13;
20/04/2014;0,16;0,25;0,06;4;22;27;53;0,46;12;;0,87;
19/04/2014;0,27;0,3;0,17;8;34;47;53;0,99;23;13;1,37;
18/04/2014;0,41;0,28;0,26;11;39;56;50;1,46;23;12;1,83;
17/04/2014;0,37;0,33;0,47;13;41;60;47;2,39;27;13;2,68;
16/04/2014;0,55;0,36;0,77;20;55;85;38;3,64;29;10;4,58;
15/04/2014;0,89;0,42;1,01;25;62;101;28;4,43;34;10;6,54;
14/04/2014;0,41;0,34;0,48;15;43;66;42;2,49;27;4;3,18;
13/04/2014;0,47;0,38;0,3;11;32;49;48;1,61;31;4;1,97;
12/04/2014;0,28;0,26;0,15;4;29;35;58;0,88;22;2;1,24;
11/04/2014;0,24;0,24;0,24;5;28;36;59;1,25;19;1;1,65;
10/04/2014;0,62;0,39;1,15;31;56;103;26;4,7;30;6;7,43;
09/04/2014;0,51;0,33;0,61;14;44;66;33;3;27;7;4,58;
08/04/2014;0,19;0,21;0,11;5;27;34;53;1,07;12;2;1,16;
07/04/2014;0,27;0,27;0,33;11;30;47;40;1,8;14;1;2,66;
06/04/2014;0,37;0,31;0,38;13;34;53;29;2,07;14;4;2,92;
05/04/2014;0,36;0,34;0,46;13;43;63;25;2,36;12;4;2,74;
04/04/2014;0,55;0,3;0,33;14;40;61;44;1,78;16;6;2,5;
03/04/2014;0,68;0,27;0,52;22;39;72;38;2,7;12;7;3,79;
02/04/2014;0,26;0,26;0,4;12;44;62;40;2,1;15;2;3,58;
01/04/2014;0,3;0,29;0,43;14;44;65;41;2,32;16;3;9,58;
31/03/2014;0,39;0,3;0,54;14;50;71;34;2,99;10;5;3,53;
30/03/2014;0,3;0,3;0,11;7;28;37;54;0,79;25;3;1,21;
29/03/2014;0,25;0,28;0,13;7;27;38;64;0,91;13;3;1,18;
28/03/2014;0,47;0,35;0,66;22;49;83;33;3,38;17;6;3,55;
27/03/2014;0,34;0,27;0,23;10;40;55;44;1,29;13;5;1,8;0,27
26/03/2014;0,35;0,32;0,1;5;26;34;62;0,66;13;6;1,02;
25/03/2014;0,28;0,25;0,2;8;27;39;60;1,23;12;6;1,67;
24/03/2014;0,37;0,31;0,26;16;45;69;34;1,56;17;10;2,86;
23/03/2014;0,26;0,25;0,05;6;24;33;57;0,41;8;7;0,67;
22/03/2014;0,32;0,22;0,11;5;26;34;55;0,83;9;6;1,11;
21/03/2014;0,67;0,36;0,56;13;38;57;45;2,56;25;7;3,99;
20/03/2014;0,55;0,28;0,95;29;51;96;31;4,07;24;8;5,76;
19/03/2014;0,31;0,16;0,3;9;38;52;39;1,58;12;6;1,84;
18/03/2014;0,42;0,3;0,27;7;37;48;46;1,42;20;7;1,88;
17/03/2014;0,59;0,34;0,62;24;53;91;29;3,05;29;13;3,76;
16/03/2014;0,4;0,27;0,2;8;37;50;46;1,09;26;10;1,45;
15/03/2014;0,74;0,35;0,63;22;49;82;48;3,1;39;16;3,44;
14/03/2014;0,74;0,35;0,85;25;72;110;30;3,76;33;14;4,74;
13/03/2014;0,66;0,26;0,92;18;79;107;31;4,37;27;12;4,76;
12/03/2014;0,68;0,37;0,78;23;70;106;32;3,73;28;11;4,6;
11/03/2014;0,58;0,34;0,71;24;54;91;45;3,39;32;22;5,55;
10/03/2014;1,03;0,33;0,74;26;76;116;31;3,52;25;17;4,3;
09/03/2014;0,32;0,14;0,2;7;40;51;54;1,26;9;8;1,49;
08/03/2014;0,56;0,29;0,61;17;60;86;26;2,95;18;9;3,49;
07/03/2014;0,8;0,44;1,04;40;52;114;21;4,67;24;10;5,98;
06/03/2014;0,47;0,43;0,6;25;53;91;17;3,01;16;8;4,09;
05/03/2014;0,22;0,22;0,14;6;28;37;48;0,78;15;7;0,98;
04/03/2014;0,39;0,28;0,3;15;46;69;37;1,66;12;9;2,28;
03/03/2014;0,21;0,12;0,04;6;19;27;61;0,36;10;7;0,78;
02/03/2014;0,38;0,33;0,25;14;42;65;27;1,42;9;7;1,97;
01/03/2014;0,32;0,31;0,24;15;53;76;25;1,43;7;8;1,57;
28/02/2014;0,31;0,21;0,26;11;39;56;42;1,54;19;11;1,9;
27/02/2014;0,42;0,32;0,51;20;60;91;22;2,53;23;10;2,99;
26/02/2014;0,4;0,28;0,37;14;52;73;28;1,94;10;9;2,48;
25/02/2014;0,3;0,19;0,29;10;42;57;39;1,6;7;6;1,88;
24/02/2014;0,53;0,3;0,3;13;47;67;36;1,6;12;6;2,21;
23/02/2014;0,4;0,21;0,21;10;42;57;35;1,3;10;9;1,61;
22/02/2014;0,47;0,26;0,29;12;45;63;31;1,61;13;9;2,11;
21/02/2014;0,42;0,24;0,31;12;40;58;42;1,67;15;8;2,04;
20/02/2014;0,48;0,3;0,64;32;49;98;22;2,7;13;9;3,78;
19/02/2014;0,83;0,48;1,05;50;69;147;9;4,75;23;12;5,95;
18/02/2014;0,71;0,37;0,96;43;60;127;17;4,42;24;15;6,13;
17/02/2014;0,43;0,2;0,31;14;45;67;35;1,67;7;9;3,81;
16/02/2014;0,7;0,33;0,29;19;46;75;21;1,56;17;13;1,94;
15/02/2014;0,65;0,35;0,14;8;34;47;42;0,85;11;8;1,18;
14/02/2014;0,17;0,22;0,23;8;22;34;45;1,29;6;6;2,06;
13/02/2014;0,31;0,26;0,3;10;40;55;41;1,58;15;9;1,96;
12/02/2014;0,28;0,23;0,35;12;42;60;33;1,8;9;7;2,82;
11/02/2014;0,27;0,24;0,18;8;37;49;45;1,08;10;5;1,67;
10/02/2014;0,23;0,2;0,09;5;25;33;57;0,63;6;5;1,08;
09/02/2014;0,3;0,21;0,12;8;31;43;44;0,82;7;6;1,06;
08/02/2014;0,31;0,27;0,21;9;37;51;41;1,13;9;6;1,27;
07/02/2014;0,26;0,23;0,18;12;31;49;45;1,06;6;5;1,37;
06/02/2014;0,18;0,23;0,17;10;27;43;44;1,01;5;5;1,42;
05/02/2014;0,31;0,26;0,32;14;43;64;40;1,67;12;6;2,04;
04/02/2014;0,26;0,2;0,17;12;37;56;40;1,06;5;5;1,24;
03/02/2014;0,28;0,19;0,18;10;41;56;38;1,11;6;6;1,34;
02/02/2014;0,43;0,27;0,29;15;50;73;21;1,63;12;9;1,85;
01/02/2014;0,26;0,21;0,13;6;29;37;50;0,84;7;6;0,96;
31/01/2014;0,43;0,29;0,62;25;61;99;25;3,07;13;7;3,05;
30/01/2014;0,36;0,24;0,25;12;47;65;36;1,35;5;6;1,48;
29/01/2014;0,35;0,24;0,29;23;44;80;33;1,5;8;7;1,89;
28/01/2014;0,25;0,19;0,22;11;41;59;38;1,18;6;6;1,74;
27/01/2014;0,25;0,14;0,13;7;28;39;53;0,79;9;6;1,2;
26/01/2014;0,32;0,26;0,36;10;35;51;27;1,76;10;7;1,82;
25/01/2014;0,29;0,24;0,07;4;21;28;45;0,5;5;8;0,67;
24/01/2014;0,35;0,24;0,23;5;30;39;46;1,41;13;8;1,63;
23/01/2014;0,47;0,25;0,3;9;44;58;32;1,65;15;11;2,44;
22/01/2014;0,36;0,25;0,4;13;48;68;26;2,02;8;9;2,54;
21/01/2014;0,42;0,29;0,52;26;61;100;18;2,64;12;11;2,86;
20/01/2014;0,32;0,21;0,22;12;47;66;;1,15;5;8;1,49;
19/01/2014;0,32;0,2;0,23;16;39;64;;1,3;11;10;1,41;
18/01/2014;0,31;0,18;0,18;9;37;51;;1,07;7;8;1,26;
17/01/2014;0,36;0,15;0,36;15;44;67;30;1,82;7;7;2,18;
16/01/2014;0,29;;0,42;9;30;44;39;2,08;4;6;1,73;
15/01/2014;0,35;;0,47;23;45;81;22;2,2;10;8;2,87;
14/01/2014;0,29;;0,3;13;48;67;25;1,41;8;6;2,32;
13/01/2014;0,33;;0,25;15;39;62;27;1,37;10;7;2,11;
12/01/2014;0,28;;0,19;6;23;32;29;0,89;12;6;1,15;
11/01/2014;0,85;;1,02;49;61;136;6;3,99;30;14;5,72;
10/01/2014;0,84;;1,31;44;60;128;6;4,22;25;12;7,14;
09/01/2014;0,43;;0,46;12;43;61;20;2,21;12;7;2,64;
08/01/2014;0,35;;0,56;19;47;77;17;2,46;9;6;6,64;
07/01/2014;0,2;;0,23;11;35;51;38;1,35;5;5;2,85;
06/01/2014;0,16;;0,07;6;23;33;71;0,56;5;4;0,76;
05/01/2014;0,22;;0,09;8;27;38;63;0,72;5;5;0,9;
04/01/2014;0,19;;0,09;5;21;29;74;0,66;7;5;0,81;
03/01/2014;0,55;;0,56;25;53;92;30;2,78;14;5;3,26;
02/01/2014;0,46;;0,38;25;46;84;45;2,02;15;3;2,37;
01/01/2014;0,18;;0,07;6;22;31;67;0,54;8;2;0,74;
