Date;NO (µg/m3);NO2 (µg/m3);NOX (µg/m3);O3 (µg/m3);PM10 (µg/m3);PM2,5 (µg/m3);SO2 (µg/m3)
31/12/2019;10;25;40;11;18;14;3
30/12/2019;3;14;18;26;13;12;3
29/12/2019;11;25;41;12;18;13;3
28/12/2019;26;29;69;6;27;18;4
27/12/2019;29;34;77;10;25;15;5
26/12/2019;13;25;44;41;23;10;4
25/12/2019;6;21;30;16;8;6;3
24/12/2019;15;25;48;21;11;7;2
23/12/2019;9;26;40;36;11;7;2
22/12/2019;1;10;12;64;9;4;1
21/12/2019;2;19;22;45;8;4;1
20/12/2019;6;28;37;40;6;4;1
19/12/2019;1;6;7;60;5;3;0
18/12/2019;4;20;27;40;7;4;1
17/12/2019;3;21;26;45;11;5;1
16/12/2019;1;6;8;62;6;3;1
15/12/2019;1;9;10;65;3;2;1
14/12/2019;3;21;25;42;9;4;1
13/12/2019;1;8;10;66;8;3;1
12/12/2019;11;35;51;31;5;3;1
11/12/2019;13;31;51;32;12;7;4
10/12/2019;19;36;66;11;18;8;5
09/12/2019;3;19;23;48;22;7;5
08/12/2019;7;29;39;16;17;10;5
07/12/2019;28;33;76;6;22;14;5
06/12/2019;23;33;68;9;21;14;5
05/12/2019;31;30;77;11;23;14;4
04/12/2019;20;26;56;11;18;11;4
03/12/2019;20;29;58;13;19;13;3
02/12/2019;8;26;38;18;17;10;4
01/12/2019;18;27;54;22;14;8;4
30/11/2019;4;28;34;34;9;5;4
29/11/2019;52;41;119;10;17;10;3
28/11/2019;36;44;98;13;14;7;3
27/11/2019;13;34;54;29;12;6;3
26/11/2019;3;17;22;43;7;4;3
25/11/2019;25;35;73;18;12;7;3
24/11/2019;3;25;29;37;8;6;3
23/11/2019;1;11;12;64;9;5;3
22/11/2019;2;11;13;56;5;3;3
21/11/2019;20;33;62;28;10;8;3
20/11/2019;5;25;33;33;10;7;3
19/11/2019;28;33;75;10;15;10;4
18/11/2019;15;32;55;19;11;8;5
17/11/2019;4;24;31;37;7;4;5
16/11/2019;4;31;37;29;8;5;5
15/11/2019;5;28;36;41;6;4;5
14/11/2019;6;27;35;43;7;3;5
13/11/2019;14;33;55;17;12;5;5
12/11/2019;23;44;79;10;12;8;3
11/11/2019;8;27;39;34;14;6;3
10/11/2019;2;22;26;40;6;3;5
09/11/2019;3;22;26;45;8;4;5
08/11/2019;4;21;26;47;7;3;4
07/11/2019;4;25;31;42;7;3;3
06/11/2019;14;32;54;25;10;5;4
05/11/2019;6;28;37;35;9;4;4
04/11/2019;5;25;32;37;7;4;4
03/11/2019;2;15;18;52;10;5;4
02/11/2019;8;21;34;23;10;3;5
01/11/2019;6;24;32;13;10;5;5
31/10/2019;11;22;38;31;13;5;5
30/10/2019;18;35;62;15;18;12;5
29/10/2019;12;32;50;20;24;13;4
28/10/2019;14;39;60;26;20;11;5
27/10/2019;1;18;19;56;11;6;5
26/10/2019;3;24;28;38;9;5;5
25/10/2019;20;30;60;9;12;8;4
24/10/2019;19;34;62;24;9;6;5
23/10/2019;16;26;50;19;11;6;5
22/10/2019;18;33;60;6;14;8;5
21/10/2019;17;28;53;19;12;6;4
20/10/2019;2;16;18;40;6;3;3
19/10/2019;4;25;30;35;11;6;3
18/10/2019;7;29;39;22;12;5;3
17/10/2019;3;18;23;43;8;4;4
16/10/2019;3;22;27;50;8;4;4
15/10/2019;8;29;41;30;8;5;3
14/10/2019;2;15;19;61;17;7;2
13/10/2019;2;13;17;61;20;9;3
12/10/2019;1;12;13;62;19;8;3
11/10/2019;9;32;46;32;21;9;3
10/10/2019;18;26;53;19;18;7;2
09/10/2019;6;23;31;32;11;4;2
08/10/2019;7;20;30;37;14;7;3
07/10/2019;12;26;43;20;16;7;3
06/10/2019;5;21;29;18;15;6;3
05/10/2019;6;19;28;26;13;5;3
04/10/2019;13;28;47;21;17;7;4
03/10/2019;10;27;43;24;14;6;3
02/10/2019;6;22;30;35;10;4;3
01/10/2019;13;18;38;31;19;6;4
30/09/2019;14;32;54;18;18;8;3
29/09/2019;6;30;38;34;16;8;2
28/09/2019;3;17;22;39;11;5;0
27/09/2019;12;18;37;40;17;7;4
26/09/2019;9;18;32;35;22;8;5
25/09/2019;7;21;32;29;15;4;5
24/09/2019;4;21;28;41;15;6;5
23/09/2019;9;25;38;19;15;8;5
22/09/2019;1;11;13;50;8;4;3
21/09/2019;1;12;14;72;13;8;4
20/09/2019;9;19;33;58;27;13;5
19/09/2019;5;20;27;39;24;13;4
18/09/2019;10;20;35;29;26;14;2
17/09/2019;12;27;45;31;27;14;3
16/09/2019;8;26;38;29;21;10;1
15/09/2019;3;20;25;36;18;9;1
14/09/2019;6;27;36;35;23;10;1
13/09/2019;8;26;38;29;22;10;2
12/09/2019;13;25;44;31;21;8;2
11/09/2019;5;18;26;61;21;9;2
10/09/2019;7;18;30;47;9;4;3
09/09/2019;8;18;32;32;12;5;3
08/09/2019;4;18;26;34;10;5;4
07/09/2019;8;19;32;36;16;7;4
06/09/2019;8;18;31;38;15;6;4
05/09/2019;6;17;27;42;14;5;3
04/09/2019;6;20;31;39;16;8;4
03/09/2019;14;25;48;33;18;9;5
02/09/2019;8;19;32;31;14;4;4
01/09/2019;2;9;13;39;9;4;3
31/08/2019;2;12;15;44;15;7;3
30/08/2019;8;16;30;39;20;9;4
29/08/2019;6;16;27;41;21;10;3
28/08/2019;8;14;26;45;27;10;3
27/08/2019;6;19;28;42;16;8;3
26/08/2019;4;17;25;51;21;9;3
25/08/2019;1;8;10;68;18;8;3
24/08/2019;1;12;15;76;18;10;3
23/08/2019;4;28;37;50;19;10;3
22/08/2019;6;21;31;45;24;8;3
21/08/2019;10;19;35;38;19;7;4
20/08/2019;4;17;25;37;15;6;3
19/08/2019;4;17;25;37;14;6;3
18/08/2019;2;10;14;37;10;5;2
17/08/2019;4;19;27;41;13;7;2
16/08/2019;5;19;28;35;12;6;2
15/08/2019;3;11;16;38;10;5;3
14/08/2019;4;15;22;46;14;7;3
13/08/2019;5;17;26;34;16;6;3
12/08/2019;7;15;27;35;15;4;3
11/08/2019;1;11;14;49;8;3;3
10/08/2019;2;12;16;35;14;5;3
09/08/2019;8;18;31;34;21;6;3
08/08/2019;6;20;31;28;12;6;3
07/08/2019;5;18;27;38;15;8;3
06/08/2019;4;15;23;41;19;7;3
05/08/2019;4;17;24;27;13;6;3
04/08/2019;1;10;13;52;14;8;3
03/08/2019;4;16;23;59;18;9;3
02/08/2019;4;14;21;49;15;6;1
01/08/2019;6;20;30;47;15;8;1
31/07/2019;6;14;23;39;13;5;3
30/07/2019;7;17;29;38;17;6;3
29/07/2019;6;16;25;38;22;7;3
28/07/2019;4;16;23;33;9;4;3
27/07/2019;2;15;20;38;6;3;3
26/07/2019;3;15;20;37;7;4;3
25/07/2019;2;12;15;59;21;12;3
24/07/2019;6;29;40;56;31;15;3
23/07/2019;4;22;31;67;27;11;3
22/07/2019;13;21;42;42;21;8;3
21/07/2019;2;9;13;31;13;6;3
20/07/2019;2;10;13;39;12;6;3
19/07/2019;9;17;33;48;17;7;3
18/07/2019;7;19;31;40;20;9;3
17/07/2019;5;18;27;53;15;8;3
16/07/2019;6;19;29;57;18;8;3
15/07/2019;6;23;34;52;17;9;2
14/07/2019;2;13;17;52;15;7;1
13/07/2019;4;17;25;39;12;6;2
12/07/2019;7;25;38;62;18;9;2
11/07/2019;5;27;37;58;22;10;3
10/07/2019;7;25;39;53;22;10;3
09/07/2019;5;20;28;56;18;10;3
08/07/2019;4;24;32;57;16;9;3
07/07/2019;1;8;10;80;21;9;3
06/07/2019;2;12;16;82;23;10;3
05/07/2019;5;22;31;67;30;15;3
04/07/2019;15;28;53;46;30;14;3
03/07/2019;6;21;32;36;21;8;3
02/07/2019;5;17;26;38;14;5;3
01/07/2019
30/06/2019
29/06/2019
28/06/2019
27/06/2019;4;29;37;71;38;14;3
26/06/2019;3;22;28;69;25;13;3
25/06/2019;9;21;37;44;25;11;3
24/06/2019;4;18;25;43;28;15;3
23/06/2019;3;21;28;55;21;12;3
22/06/2019;6;20;31;34;12;8;3
21/06/2019;3;17;23;45;8;3;3
20/06/2019;3;19;25;57;13;5;3
19/06/2019;6;19;28;48;24;10;3
18/06/2019;3;17;21;71;25;13;3
17/06/2019;5;20;27;49;20;9;3
16/06/2019;3;17;22;43;13;7;3
15/06/2019;3;16;20;49;8;5;3
14/06/2019;5;21;28;48;12;4;3
13/06/2019;8;22;34;43;16;6;3
12/06/2019;6;27;35;42;13;6;6
11/06/2019;3;19;23;50;7;5;8
10/06/2019;2;13;16;67;8;4;8
09/06/2019;1;8;10;63;13;6;8
08/06/2019;2;13;17;53;15;6;8
07/06/2019;2;12;15;70;16;7;8
06/06/2019;6;16;26;56;12;7;8
05/06/2019;3;18;22;52;7;4;5
04/06/2019;7;19;29;42;15;9;7
03/06/2019;8;18;29;41;16;9;8
02/06/2019;2;17;20;58;15;10;8
01/06/2019;7;31;41;53;16;10;7
31/05/2019;15;30;53;33;18;10;8
30/05/2019;13;24;43;29;15;8;8
29/05/2019;7;19;30;47;13;6;7
28/05/2019;10;18;33;49;14;6;7
27/05/2019;5;17;23;43;;4;7
26/05/2019;1;10;12;47;;3;7
25/05/2019;1;7;9;65;;6;7
24/05/2019;4;11;17;66;;5;6
23/05/2019;7;21;31;49;19;12;8
22/05/2019;11;31;48;43;18;12;7
21/05/2019;10;24;39;49;15;9;7
20/05/2019;8;29;41;48;16;9;7
19/05/2019;1;15;17;74;7;6;6
18/05/2019;5;33;40;42;7;4;6
17/05/2019;3;21;26;77;12;7;6
16/05/2019;6;26;34;69;25;13;7
15/05/2019;10;38;53;49;23;13;8
14/05/2019;11;36;52;46;24;13;8
13/05/2019;14;29;50;50;19;11;7
12/05/2019;2;17;20;55;10;4;7
11/05/2019;1;10;11;66;9;5;6
10/05/2019;12;24;41;37;14;7;7
09/05/2019;14;31;52;40;20;9;7
08/05/2019;5;27;34;47;11;7;7
07/05/2019;11;47;63;34;26;13;8
06/05/2019;15;34;57;35;19;10;7
05/05/2019;2;14;16;52;8;5;6
04/05/2019;3;14;18;55;7;5;5
03/05/2019;3;19;23;57;11;5;5
02/05/2019;3;15;19;76;18;7;5
01/05/2019;2;15;18;63;13;6;7
30/04/2019;14;30;52;39;24;10;7
29/04/2019;14;26;46;40;20;9;7
28/04/2019;2;17;20;51;14;5;6
27/04/2019;3;22;26;41;13;6;7
26/04/2019;4;25;31;51;16;8;6
25/04/2019;2;16;19;66;5;5;6
24/04/2019;3;19;22;58;6;5;6
23/04/2019;2;18;20;72;23;12;6
22/04/2019;3;19;23;58;21;12;7
21/04/2019;2;25;28;52;16;12;8
20/04/2019;5;24;32;57;16;11;7
19/04/2019;4;28;34;42;13;8;7
18/04/2019;1;19;21;75;12;8;7
17/04/2019;1;12;14;92;11;6;6
16/04/2019;12;32;49;41;13;7;6
15/04/2019;10;23;39;38;11;7;7
14/04/2019;7;36;45;34;20;14;9
13/04/2019;6;34;41;45;21;13;7
12/04/2019;5;33;40;54;22;14;6
11/04/2019;6;27;36;62;15;10;5
10/04/2019;9;27;40;47;11;8;6
09/04/2019;9;28;42;48;12;6;6
08/04/2019;9;42;56;39;12;7;6
07/04/2019;4;28;34;42;11;7;6
06/04/2019;4;22;27;56;7;4;5
05/04/2019;4;30;36;55;8;6;5
04/04/2019;8;35;46;52;9;6;6
03/04/2019;3;20;24;69;4;4;5
02/04/2019;11;22;39;59;18;12;6
01/04/2019;10;40;54;37;19;10;6
31/03/2019;2;32;35;63;17;11;7
30/03/2019;6;30;38;79;15;10;7
29/03/2019;7;24;35;68;20;12;7
28/03/2019;15;37;60;43;26;13;6
27/03/2019;15;37;60;38;22;11;6
26/03/2019;7;29;39;52;18;10;7
25/03/2019;5;28;35;54;24;17;5
24/03/2019;8;35;46;41;23;16;5
23/03/2019;12;46;63;40;26;17;4
22/03/2019;19;50;78;36;23;14;5
21/03/2019;21;41;73;33;21;11;5
20/03/2019;9;32;44;48;13;8;5
19/03/2019;2;12;15;73;5;4;5
18/03/2019;7;25;35;56;11;5;5
17/03/2019;3;16;20;68;15;8;5
16/03/2019;13;34;53;40;17;10;5
15/03/2019;13;36;55;42;17;7;5
14/03/2019;11;36;51;44;13;8;5
13/03/2019;4;20;27;65;11;6;4
12/03/2019;7;24;33;55;13;6;5
11/03/2019;15;38;59;40;16;7;4
10/03/2019;17;24;49;22;12;7;4
09/03/2019;16;31;54;22;13;10;8
08/03/2019;12;35;53;40;11;6;6
07/03/2019;19;40;68;43;13;7;5
06/03/2019;3;10;14;66;8;6;5
05/03/2019;8;27;39;54;18;8;5
04/03/2019;4;20;25;64;27;10;5
03/03/2019;5;23;29;56;12;8;5
02/03/2019;15;40;62;29;18;12;6
01/03/2019;21;45;75;25;22;14;6
28/02/2019;36;50;104;25;30;17;6
27/02/2019;13;47;66;43;21;14;7
26/02/2019;18;50;77;37;30;19;7
25/02/2019;20;53;82;27;46;28;8
24/02/2019;10;38;52;38;48;25;4
23/02/2019;16;45;68;30;53;30;6
22/02/2019;30;58;102;23;59;31;7
21/02/2019;17;49;74;34;41;23;7
20/02/2019;17;50;74;30;33;19;5
19/02/2019;20;39;68;28;26;15;5
18/02/2019;8;32;43;56;23;13;5
17/02/2019;2;6;10;84;5;5;5
16/02/2019;8;26;38;56;19;11;4
15/02/2019;17;42;66;50;16;10;3
14/02/2019;4;19;24;72;10;8;3
13/02/2019;39;44;103;16;23;13;3
12/02/2019;26;37;76;18;19;9;3
11/02/2019;15;40;61;36;14;8;3
10/02/2019;4;20;27;55;10;6;3
09/02/2019;10;31;45;37;13;9;4
08/02/2019;21;43;74;19;20;12;4
07/02/2019;50;39;114;14;23;12;3
06/02/2019;43;40;104;11;18;10;3
05/02/2019;38;49;106;7;17;11;3
04/02/2019;23;44;78;14;15;10;5
03/02/2019;9;24;36;44;12;8;5
02/02/2019;2;8;12;73;11;4;4
01/02/2019;6;36;43;47;7;5;3
31/01/2019;9;29;42;42;4;4;3
30/01/2019;12;38;56;43;10;6;3
29/01/2019;10;31;46;49;12;5;3
28/01/2019;2;9;13;77;13;5;3
27/01/2019;3;9;13;66;13;7;3
26/01/2019;21;37;68;24;13;7;3
25/01/2019;3;13;18;61;5;4;3
24/01/2019;11;40;56;36;12;8;3
23/01/2019;3;10;14;71;9;3;3
22/01/2019;20;48;76;24;11;7;3
21/01/2019;11;34;50;31;10;7;3
20/01/2019;4;18;24;45;7;5;3
19/01/2019;6;23;31;35;10;7;3
18/01/2019;36;49;103;9;17;10;3
17/01/2019;25;47;84;18;17;12;3
16/01/2019;32;43;91;14;23;17;3
15/01/2019;33;40;90;20;17;9;3
14/01/2019;27;44;83;21;10;7;4
13/01/2019;19;39;67;10;14;10;5
12/01/2019;25;44;81;11;21;13;5
11/01/2019;38;45;102;22;24;13;4
10/01/2019;21;34;65;35;21;11;5
09/01/2019;5;24;31;45;14;7;4
08/01/2019;30;49;94;10;23;16;4
07/01/2019;13;42;61;18;30;20;3
06/01/2019;11;31;47;17;36;30;4
05/01/2019;39;39;97;8;37;27;3
04/01/2019;44;38;104;9;32;25;4
03/01/2019;35;36;88;11;27;19;3
02/01/2019;9;33;45;19;9;7;3
01/01/2019;8;23;34;9;16;16;3
