Date;NO (µg/m3);NO2 (µg/m3);NOX (µg/m3);PM10 (µg/m3);PM2,5 (µg/m3)
31/12/2018;37;30;87;32;25
30/12/2018;28;28;70;27;19
29/12/2018;18;25;52;24;15
28/12/2018;76;43;158;41;29
27/12/2018;65;41;141;30;17
26/12/2018;21;32;64;14;10
25/12/2018;14;23;44;20;15
24/12/2018;39;33;92;25;17
23/12/2018;14;26;48;13;8
22/12/2018;7;20;31;8;4
21/12/2018;1;12;12;7;3
20/12/2018;4;22;27;10;6
19/12/2018;31;34;81;19;7
18/12/2018;2;19;21;12;4
17/12/2018;13;30;50;15;8
16/12/2018;1;13;13;14;6
15/12/2018;0;10;10;7;5
14/12/2018;11;27;43;19;10
13/12/2018;1;15;17;15;6
12/12/2018;26;41;80;32;19
11/12/2018;81;53;177;44;25
10/12/2018;36;39;94;32;14
09/12/2018;1;15;16;29;10
08/12/2018;5;27;35;19;9
07/12/2018;7;23;34;17;7
06/12/2018;11;29;46;20;11
05/12/2018;30;39;85;29;15
04/12/2018;41;35;97;24;13
03/12/2018;9;25;39;12;5
02/12/2018;0;8;8;10;6
01/12/2018;1;19;21;13;6
30/11/2018;19;35;63;21;10
29/11/2018;0;12;12;8;4
28/11/2018;4;21;26;14;5
27/11/2018;25;36;73;22;9
26/11/2018;9;33;46;15;6
25/11/2018;4;18;25;11;4
24/11/2018;0;6;6;8;3
23/11/2018;2;14;17;11;4
22/11/2018;2;16;19;9;4
21/11/2018;15;22;46;16;9
20/11/2018;4;25;31;20;12
19/11/2018;34;30;82;23;11
18/11/2018;1;15;17;13;7
17/11/2018;3;21;25;21;12
16/11/2018;10;30;45;27;14
15/11/2018;15;27;50;31;15
14/11/2018;6;26;36;31;16
13/11/2018;25;30;68;19;9
12/11/2018;2;27;30;8;4
11/11/2018;0;7;7;14;5
10/11/2018;1;13;13;13;5
09/11/2018;5;14;22;12;5
08/11/2018;1;17;19;14;6
07/11/2018;9;26;39;15;
06/11/2018;1;11;11;9;
05/11/2018;6;29;37;12;6
04/11/2018;7;15;26;13;7
03/11/2018;16;26;50;16;9
02/11/2018;18;27;54;14;7
01/11/2018;4;23;29;14;6
31/10/2018;25;40;78;19;11
30/10/2018;3;27;32;11;6
29/10/2018;1;13;14;9;2
28/10/2018;1;13;14;8;3
27/10/2018;1;14;16;9;2
26/10/2018;7;27;37;31;20
25/10/2018;25;32;70;33;19
24/10/2018;32;36;84;28;15
23/10/2018;41;36;99;27;13
22/10/2018;4;24;29;30;18
21/10/2018;5;19;27;33;22
20/10/2018;5;27;34;40;24
19/10/2018;2;23;25;36;19
18/10/2018;9;29;43;27;15
17/10/2018;18;28;55;21;12
16/10/2018;22;30;63;20;11
15/10/2018;9;29;43;16;6
14/10/2018;1;16;17;10;5
13/10/2018;0;9;10;12;5
12/10/2018;0;12;13;13;6
11/10/2018;2;24;27;20;9
10/10/2018;2;22;25;14;7
09/10/2018;10;27;42;17;8
08/10/2018;5;23;30;13;5
07/10/2018;0;10;11;12;3
06/10/2018;9;21;34;23;13
05/10/2018;25;38;76;27;16
04/10/2018;23;40;74;26;14
03/10/2018;20;35;64;23;11
02/10/2018;13;29;49;18;7
01/10/2018;0;11;11;18;5
30/09/2018;0;12;12;24;14
29/09/2018;3;19;23;27;15
28/09/2018;17;25;51;;24
27/09/2018;7;37;47;;14
26/09/2018;18;21;48;27;13
25/09/2018;18;24;51;18;7
24/09/2018;4;18;24;13;4
23/09/2018;6;19;28;22;16
22/09/2018;3;20;24;16;8
21/09/2018;13;19;39;24;13
20/09/2018;5;22;30;29;16
19/09/2018;8;23;34;27;15
18/09/2018;11;25;41;28;14
17/09/2018;4;23;28;28;16
16/09/2018;4;14;20;22;12
15/09/2018;1;19;21;15;8
14/09/2018;9;20;34;13;6
13/09/2018;5;23;31;16;8
12/09/2018;7;18;30;30;17
11/09/2018;10;32;48;27;17
10/09/2018;6;20;30;17;10
09/09/2018;0;12;13;19;12
08/09/2018;3;16;20;21;13
07/09/2018;8;20;32;18;9
06/09/2018;4;22;28;17;10
05/09/2018;9;27;41;25;15
04/09/2018;8;24;36;26;15
03/09/2018;6;22;31;24;14
02/09/2018;1;14;15;17;10
01/09/2018;4;12;18;15;8
31/08/2018;5;15;23;18;10
30/08/2018;8;15;26;18;10
29/08/2018;9;20;32;21;11
28/08/2018;5;16;24;21;12
27/08/2018;7;20;31;17;10
26/08/2018;1;13;14;13;7
25/08/2018;3;10;15;15;7
24/08/2018;0;12;12;14;7
23/08/2018;3;11;15;17;10
22/08/2018;7;14;25;20;12
21/08/2018;9;17;31;21;13
20/08/2018;8;15;28;18;9
19/08/2018;4;13;18;18;9
18/08/2018;7;12;22;14;5
17/08/2018;2;12;15;10;4
16/08/2018;7;15;26;17;9
15/08/2018;2;9;11;11;6
14/08/2018;4;13;19;11;3
13/08/2018;1;8;9;11;4
12/08/2018;2;12;14;18;12
11/08/2018;3;14;18;18;10
10/08/2018;7;15;25;13;7
09/08/2018;1;14;15;11;4
08/08/2018;4;11;17;15;7
07/08/2018;0;9;10;26;13
06/08/2018;3;23;27;34;22
05/08/2018;2;17;19;26;16
04/08/2018;4;15;21;24;16
03/08/2018;7;21;32;31;19
02/08/2018;7;18;28;23;10
01/08/2018;2;15;19;12;4
31/07/2018;2;11;14;10;6
30/07/2018;5;14;22;18;10
29/07/2018;1;9;11;16;7
28/07/2018;1;8;9;15;7
27/07/2018;3;16;21;20;12
26/07/2018;5;12;20;17;9
25/07/2018;0;8;8;16;6
24/07/2018;1;11;13;19;10
23/07/2018;13;22;41;19;12
22/07/2018;2;13;17;17;6
21/07/2018;1;10;11;18;7
20/07/2018;1;15;17;15;7
19/07/2018;1;10;12;17;7
18/07/2018;3;12;17;22;10
17/07/2018;7;11;22;16;8
16/07/2018;1;12;13;18;9
15/07/2018;0;8;9;23;16
14/07/2018;1;10;12;25;18
13/07/2018;5;18;26;24;15
12/07/2018;0;13;14;20;11
11/07/2018;3;14;18;33;18
10/07/2018;3;20;25;38;21
09/07/2018;6;18;27;32;20
08/07/2018;1;12;13;25;15
07/07/2018;1;13;14;23;12
06/07/2018;4;18;25;26;13
05/07/2018;5;17;24;24;11
04/07/2018;1;15;16;19;7
03/07/2018;2;12;16;20;11
02/07/2018;3;16;21;23;10
01/07/2018;0;7;8;27;16
30/06/2018;1;15;16;29;19
29/06/2018;2;20;23;26;15
28/06/2018;2;16;19;20;10
27/06/2018;1;11;12;22;11
26/06/2018;6;21;30;31;20
25/06/2018;5;22;30;25;16
24/06/2018;2;20;22;40;35
23/06/2018;4;20;26;34;20
22/06/2018;0;11;12;26;11
21/06/2018;1;12;15;26;22
20/06/2018;9;15;29;28;23
19/06/2018;2;13;16;13;8
18/06/2018;7;15;25;18;11
17/06/2018;1;12;13;16;8
16/06/2018;0;7;7;12;4
15/06/2018;8;15;27;19;12
14/06/2018;6;15;24;19;12
13/06/2018;0;8;9;18;8
12/06/2018;0;12;12;24;19
11/06/2018;3;19;24;15;14
10/06/2018;1;15;17;13;11
09/06/2018;1;12;14;15;13
08/06/2018;8;25;37;22;24
07/06/2018;5;25;33;23;23
06/06/2018;7;16;27;16;14
05/06/2018;1;18;19;13;9
04/06/2018;2;17;19;13;9
03/06/2018;0;8;9;19;18
02/06/2018;0;8;8;13;8
01/06/2018;5;25;32;25;21
31/05/2018;1;19;21;20;15
30/05/2018;6;23;33;26;23
29/05/2018;5;21;29;19;15
28/05/2018;0;16;16;15;11
27/05/2018;0;10;11;17;12
26/05/2018;1;13;14;19;17
25/05/2018;4;26;31;23;20
24/05/2018;5;18;26;32;38
23/05/2018;6;26;35;34;
22/05/2018;6;21;31;31;
21/05/2018;5;23;31;30;25
20/05/2018;1;11;12;27;22
19/05/2018;1;13;15;30;28
18/05/2018;0;13;14;30;26
17/05/2018;11;19;35;23;19
16/05/2018;3;22;27;13;8
15/05/2018;1;15;16;12;2
14/05/2018;2;18;21;11;
13/05/2018;1;13;13;9;
12/05/2018;0;14;15;12;
11/05/2018;3;21;26;25;
10/05/2018;1;16;17;22;
09/05/2018;6;21;31;24;
08/05/2018;0;12;12;36;
07/05/2018;11;26;42;36;
06/05/2018;1;26;27;32;
05/05/2018;7;20;30;24;
04/05/2018;3;21;26;23;
03/05/2018;1;7;8;18;
02/05/2018;12;27;45;20;
01/05/2018;0;12;13;16;
30/04/2018;1;14;15;10;
29/04/2018;0;8;9;13;
28/04/2018;1;17;18;19;
27/04/2018;17;23;48;28;
26/04/2018;12;23;41;17;
25/04/2018;1;10;10;19;
24/04/2018;3;13;18;30;
23/04/2018;1;10;11;23;11
22/04/2018;1;11;13;36;17
21/04/2018;1;10;11;44;15
20/04/2018;5;24;31;44;18
19/04/2018;9;24;38;40;17
18/04/2018;9;28;43;30;13
17/04/2018;7;39;49;25;13
16/04/2018;3;18;22;16;8
15/04/2018;0;11;11;13;6
14/04/2018;5;24;31;18;10
13/04/2018;5;26;32;17;9
12/04/2018;4;24;30;15;7
11/04/2018;1;11;12;14;3
10/04/2018;1;17;20;10;3
09/04/2018;9;21;34;12;6
08/04/2018;2;15;18;13;7
07/04/2018;1;16;16;12;6
06/04/2018;1;7;8;19;7
05/04/2018;5;18;25;16;8
04/04/2018;0;7;7;11;4
03/04/2018;0;5;6;8;4
02/04/2018;0;4;4;10;4
01/04/2018;1;13;15;14;6
31/03/2018;0;9;9;15;5
30/03/2018;0;4;4;7;3
29/03/2018;1;12;14;11;5
28/03/2018;9;19;33;18;7
27/03/2018;3;17;22;16;6
26/03/2018;2;21;24;18;7
25/03/2018;0;10;10;11;5
24/03/2018;0;10;10;12;6
23/03/2018;6;35;45;20;11
22/03/2018;10;31;46;20;9
21/03/2018;12;17;35;18;7
20/03/2018;1;11;12;21;9
19/03/2018;2;26;29;10;8
18/03/2018;0;11;11;9;5
17/03/2018;2;13;16;11;5
16/03/2018;6;29;39;13;8
15/03/2018;1;12;13;9;5
14/03/2018;1;10;11;11;5
13/03/2018;10;41;56;20;11
12/03/2018;2;18;21;17;6
11/03/2018;0;7;7;8;4
10/03/2018;0;4;5;8;2
09/03/2018;0;9;9;7;2
08/03/2018;1;13;14;10;3
07/03/2018;6;27;36;16;7
06/03/2018;1;15;16;11;4
05/03/2018;1;13;14;8;4
04/03/2018;0;13;14;7;4
03/03/2018;0;6;6;7;3
02/03/2018;9;18;31;12;5
01/03/2018;1;7;8;8;3
28/02/2018;2;17;20;16;10
27/02/2018;15;29;52;23;14
26/02/2018;21;43;74;29;18
25/02/2018;10;31;46;39;25
24/02/2018;3;23;27;24;16
23/02/2018;30;34;80;32;18
22/02/2018;16;29;52;32;17
21/02/2018;4;19;25;22;11
20/02/2018;0;5;6;16;4
19/02/2018;1;16;17;12;4
18/02/2018;5;22;29;16;8
17/02/2018;1;17;19;16;7
16/02/2018;29;31;74;34;16
15/02/2018;7;21;31;10;7
14/02/2018;9;36;48;14;9
13/02/2018;5;34;40;12;7
12/02/2018;8;41;52;14;9
11/02/2018;;;19;11;4
10/02/2018;3;34;35;16;7
09/02/2018;16;42;55;21;10
08/02/2018;17;49;69;15;10
07/02/2018;24;45;68;14;9
06/02/2018;;;46;13;7
05/02/2018;;;21;13;6
04/02/2018;;;22;8;7
03/02/2018;;;15;10;6
02/02/2018;;;36;9;7
01/02/2018;;;36;17;9
31/01/2018;15;34;55;29;17
30/01/2018;31;39;86;27;15
29/01/2018;33;36;86;29;16
28/01/2018;20;29;60;17;11
27/01/2018;;;37;14;7
26/01/2018;;;24;13;6
25/01/2018;;;43;11;8
24/01/2018;28;31;64;18;10
23/01/2018;33;39;86;17;10
22/01/2018;20;31;61;12;8
21/01/2018;;;30;20;8
20/01/2018;;;37;16;7
19/01/2018;10;39;46;20;10
18/01/2018;24;43;80;29;12
17/01/2018;;;49;;
16/01/2018;;;24;;
15/01/2018;;;30;7;4
14/01/2018;;;21;10;4
13/01/2018;;;15;9;5
12/01/2018;23;50;86;23;14
11/01/2018;2;33;29;10;7
10/01/2018;;;24;11;6
09/01/2018;;;21;;
08/01/2018;29;44;87;;
07/01/2018;8;27;39;14;9
06/01/2018;1;21;22;9;4
05/01/2018;2;28;31;10;5
04/01/2018;24;28;65;17;10
03/01/2018;26;37;77;19;14
02/01/2018;12;28;46;9;7
01/01/2018;0;7;8;15;7
